Category	Function	Gene abbreviation	SGB_001 Function presence	SGB_002 Function presence	SGB_003 Function presence	SGB_004 Function presence	SGB_005 Function presence	SGB_006 Function presence	SGB_007 Function presence	SGB_008 Function presence	SGB_009 Function presence	SGB_010 Function presence	SGB_011 Function presence	SGB_012 Function presence	SGB_013 Function presence	SGB_014 Function presence	SGB_015 Function presence	SGB_016 Function presence	SGB_017 Function presence	SGB_018 Function presence	SGB_019 Function presence	SGB_020 Function presence	SGB_021 Function presence	SGB_022 Function presence	SGB_023 Function presence	SGB_024 Function presence	TRUNC_050 Function presence	TRUNC_070 Function presence	TRUNC_090 Function presence	TRUNC_100 Function presence
Thermophilic specific	Thermophilic specific	rgy	Absent	Absent	Absent	Absent	Absent	Absent	Absent	Present	Absent	Present	Absent	Absent	Absent	Present	Absent	Present	Absent	Present	Present	Absent	Absent	Absent	Present	Present	Absent	Absent	Absent	Absent
Amino acid utilization	4-aminobutyrate aminotransferase and related aminotransferases	4-aminobutyrate aminotransferase and related aminotransferases	Absent	Absent	Absent	Absent	Absent	Absent	Present	Absent	Absent	Absent	Absent	Absent	Absent	Absent	Absent	Absent	Absent	Absent	Absent	Absent	Absent	Absent	Absent	Absent	Absent	Absent	Absent	Absent
Amino acid utilization	Aminotransferase class I and II	aminotransferase class I and II	Absent	Absent	Absent	Absent	Absent	Absent	Absent	Absent	Absent	Absent	Absent	Absent	Absent	Absent	Absent	Absent	Absent	Absent	Absent	Absent	Absent	Absent	Absent	Absent	Absent	Absent	Absent	Absent
Amino acid utilization	Phosphoserine aminotransferase	phosphoserine aminotransferase	Present	Present	Present	Absent	Absent	Present	Present	Absent	Absent	Absent	Absent	Absent	Absent	Absent	Absent	Absent	Absent	Absent	Absent	Absent	Present	Absent	Absent	Absent	Present	Present	Present	Present
Amino acid utilization	Ornithine/acetylornithine aminotransferase	ornithine/acetylornithine aminotransferase	Present	Present	Present	Present	Present	Present	Present	Absent	Absent	Present	Present	Absent	Present	Present	Present	Present	Present	Absent	Absent	Absent	Absent	Present	Present	Present	Present	Present	Present	Present
Amino acid utilization	Branched-chain amino acid aminotransferase/4-amino-4-deoxychorismate lyase	branched-chain amino acid aminotransferase/4-amino-4-deoxychorismate lyase	Present	Present	Present	Present	Present	Present	Present	Absent	Absent	Present	Present	Absent	Present	Present	Present	Present	Present	Present	Absent	Absent	Present	Present	Absent	Absent	Absent	Absent	Present	Present
Amino acid utilization	Aspartate/tyrosine/aromatic aminotransferase	aspartate/tyrosine/aromatic aminotransferase	Absent	Absent	Absent	Absent	Absent	Absent	Absent	Absent	Absent	Absent	Absent	Absent	Absent	Absent	Absent	Absent	Absent	Absent	Absent	Absent	Absent	Absent	Absent	Absent	Absent	Absent	Absent	Absent
Amino acid utilization	Histidinol-phosphate/aromatic aminotransferase	histidinol-phosphate/aromatic aminotransferase	Present	Present	Absent	Present	Present	Absent	Present	Present	Present	Present	Present	Absent	Present	Present	Absent	Present	Present	Absent	Absent	Present	Present	Present	Present	Present	Present	Present	Present	Present
Amino acid utilization	Serine-pyruvate aminotransferase/archaeal aspartate aminotransferase	serine-pyruvate aminotransferase/archaeal aspartate aminotransferase	Absent	Present	Absent	Absent	Absent	Absent	Absent	Absent	Absent	Present	Absent	Absent	Absent	Absent	Absent	Absent	Absent	Absent	Absent	Absent	Absent	Absent	Absent	Absent	Present	Present	Present	Present
Ethanol fermentation	Acetate => Acetaldehyde	acetate => acetaldehyde	Absent	Absent	Absent	Absent	Absent	Absent	Absent	Absent	Absent	Absent	Absent	Absent	Absent	Absent	Absent	Absent	Absent	Absent	Absent	Absent	Absent	Absent	Absent	Absent	Absent	Absent	Absent	Absent
Ethanol fermentation	Acetaldehyde => Ethanol	acetaldehyde => ethanol	Absent	Absent	Absent	Absent	Absent	Absent	Absent	Absent	Absent	Absent	Absent	Absent	Absent	Absent	Absent	Absent	Absent	Absent	Absent	Absent	Absent	Absent	Absent	Absent	Absent	Absent	Absent	Absent
Fatty acid degradation	acyl-CoA dehydrogenase	acyl-CoA dehydrogenase	Present	Present	Present	Absent	Absent	Present	Present	Absent	Absent	Absent	Absent	Present	Absent	Absent	Absent	Present	Absent	Absent	Absent	Present	Absent	Present	Absent	Absent	Present	Present	Present	Present
Aromatics degradation	Protocatechuate/Catechol degradation	catA	Absent	Absent	Absent	Absent	Absent	Absent	Absent	Absent	Absent	Absent	Absent	Absent	Absent	Absent	Absent	Absent	Absent	Absent	Absent	Absent	Absent	Absent	Absent	Absent	Absent	Absent	Absent	Absent
Aromatics degradation	Phenol => Benzoyl-CoA	ubiX||bsdC	Present	Present	Absent	Absent	Absent	Present	Present	Present	Absent	Present	Present	Absent	Present	Present	Absent	Absent	Absent	Absent	Present	Absent	Present	Present	Absent	Absent	Present	Present	Present	Present
Aromatics degradation	Benzoyl-CoA reduction	bcrABCD	Absent	Absent	Absent	Absent	Absent	Absent	Absent	Absent	Absent	Absent	Absent	Absent	Absent	Absent	Absent	Absent	Absent	Absent	Absent	Absent	Absent	Absent	Absent	Absent	Absent	Absent	Absent	Absent
Complex carbon degradation	Cellulose degrading	cellobiosidase	Absent	Absent	Absent	Absent	Absent	Absent	Absent	Absent	Absent	Absent	Absent	Absent	Absent	Absent	Absent	Absent	Absent	Absent	Absent	Absent	Absent	Absent	Absent	Absent	Absent	Absent	Absent	Absent
Complex carbon degradation	Cellulose degrading	cellulase	Absent	Absent	Absent	Absent	Absent	Absent	Absent	Absent	Absent	Absent	Absent	Absent	Absent	Absent	Absent	Absent	Absent	Absent	Absent	Absent	Absent	Absent	Absent	Absent	Absent	Absent	Absent	Absent
Complex carbon degradation	Cellulose degrading	beta-glucosidase	Absent	Absent	Absent	Absent	Absent	Absent	Absent	Absent	Absent	Absent	Absent	Absent	Absent	Absent	Absent	Absent	Absent	Absent	Absent	Absent	Absent	Absent	Absent	Absent	Absent	Absent	Absent	Absent
Complex carbon degradation	Hemicullulose debranching	arabinosidase	Absent	Absent	Absent	Absent	Absent	Absent	Absent	Absent	Absent	Absent	Absent	Absent	Absent	Absent	Absent	Absent	Absent	Absent	Absent	Absent	Absent	Absent	Absent	Absent	Absent	Absent	Absent	Absent
Complex carbon degradation	Hemicullulose debranching	beta-glucuronidase	Absent	Absent	Absent	Absent	Absent	Absent	Absent	Absent	Absent	Absent	Absent	Absent	Absent	Absent	Absent	Absent	Absent	Absent	Absent	Absent	Absent	Absent	Present	Present	Absent	Absent	Absent	Absent
Complex carbon degradation	Hemicullulose debranching	alpha-L-rhamnosidase	Absent	Absent	Absent	Absent	Absent	Absent	Absent	Absent	Absent	Absent	Absent	Absent	Absent	Absent	Absent	Absent	Absent	Absent	Absent	Absent	Absent	Absent	Absent	Absent	Absent	Absent	Absent	Absent
Complex carbon degradation	Endohemicellulases	mannan endo-1,4-beta-mannosidase	Absent	Absent	Absent	Absent	Absent	Absent	Absent	Absent	Absent	Absent	Absent	Absent	Absent	Absent	Absent	Absent	Absent	Absent	Absent	Absent	Absent	Absent	Absent	Absent	Absent	Absent	Absent	Absent
Complex carbon degradation	Endohemicellulases	alpha-D-xyloside xylohydrolase	Absent	Absent	Absent	Absent	Absent	Absent	Absent	Absent	Absent	Absent	Absent	Absent	Absent	Absent	Absent	Absent	Absent	Absent	Absent	Absent	Absent	Absent	Absent	Absent	Absent	Absent	Absent	Absent
Complex carbon degradation	Other oligosaccharide degrading	beta-xylosidase	Absent	Absent	Absent	Absent	Absent	Absent	Absent	Absent	Absent	Absent	Absent	Absent	Absent	Absent	Absent	Absent	Absent	Absent	Absent	Absent	Absent	Absent	Absent	Absent	Absent	Absent	Absent	Absent
Complex carbon degradation	Other oligosaccharide degrading	beta-mannosidase	Absent	Absent	Absent	Absent	Absent	Absent	Absent	Absent	Absent	Absent	Absent	Absent	Absent	Absent	Absent	Absent	Absent	Absent	Absent	Absent	Absent	Absent	Absent	Absent	Absent	Absent	Absent	Absent
Complex carbon degradation	Other oligosaccharide degrading	beta-galactosidase	Absent	Absent	Absent	Absent	Absent	Absent	Absent	Absent	Absent	Absent	Absent	Absent	Absent	Absent	Absent	Absent	Absent	Absent	Absent	Absent	Absent	Absent	Absent	Absent	Absent	Absent	Absent	Absent
Complex carbon degradation	Amylolytic enzymes	alpha-amylase	Absent	Absent	Absent	Absent	Absent	Absent	Absent	Absent	Absent	Absent	Absent	Absent	Absent	Absent	Absent	Absent	Absent	Absent	Absent	Absent	Absent	Absent	Absent	Absent	Absent	Absent	Absent	Absent
Complex carbon degradation	Amylolytic enzymes	glucoamylase	Absent	Absent	Absent	Absent	Absent	Absent	Absent	Absent	Absent	Absent	Absent	Absent	Absent	Absent	Absent	Absent	Absent	Absent	Absent	Absent	Absent	Absent	Absent	Absent	Absent	Absent	Absent	Absent
Complex carbon degradation	Amylolytic enzymes	pullulanase	Absent	Absent	Absent	Absent	Absent	Absent	Present	Absent	Absent	Absent	Absent	Absent	Absent	Absent	Absent	Present	Absent	Absent	Absent	Absent	Absent	Absent	Present	Present	Absent	Absent	Absent	Absent
Complex carbon degradation	Amylolytic enzymes	isoamylase	Absent	Absent	Absent	Absent	Absent	Present	Absent	Absent	Absent	Absent	Absent	Absent	Absent	Absent	Absent	Absent	Absent	Absent	Absent	Absent	Present	Absent	Absent	Absent	Absent	Absent	Absent	Absent
Complex carbon degradation	Chitin degrading	chitiniase	Absent	Absent	Absent	Absent	Absent	Absent	Absent	Absent	Absent	Absent	Absent	Absent	Absent	Absent	Absent	Absent	Absent	Absent	Absent	Absent	Absent	Absent	Absent	Absent	Absent	Absent	Absent	Absent
Complex carbon degradation	Chitin degrading	hexosaminidase	Absent	Absent	Present	Absent	Absent	Present	Present	Absent	Absent	Absent	Absent	Absent	Absent	Absent	Absent	Present	Absent	Absent	Absent	Absent	Present	Present	Absent	Absent	Absent	Absent	Absent	Absent
Fermentation	Pyruvate oxidation	porA	Absent	Absent	Absent	Absent	Absent	Absent	Absent	Present	Present	Present	Present	Absent	Present	Present	Present	Present	Absent	Absent	Present	Present	Absent	Absent	Present	Present	Absent	Absent	Absent	Absent
Fermentation	Alcohol utilization	adh	Absent	Absent	Absent	Absent	Absent	Absent	Absent	Absent	Absent	Absent	Absent	Absent	Absent	Absent	Absent	Absent	Absent	Absent	Absent	Absent	Absent	Absent	Absent	Absent	Absent	Absent	Absent	Absent
Fermentation	Lactate utilization	ldh	Absent	Absent	Absent	Absent	Absent	Absent	Absent	Absent	Absent	Absent	Absent	Absent	Absent	Absent	Absent	Absent	Absent	Absent	Absent	Absent	Absent	Absent	Absent	Absent	Absent	Absent	Absent	Absent
Fermentation	Acetogenesis	acdA||ack||pta	Absent	Present	Present	Absent	Present	Present	Present	Absent	Absent	Present	Present	Present	Absent	Absent	Absent	Present	Present	Absent	Present	Present	Present	Present	Present	Present	Present	Present	Present	Present
Fermentation	Acetate to acetyl-CoA	acs	Absent	Present	Absent	Present	Present	Present	Present	Absent	Present	Absent	Absent	Absent	Present	Present	Present	Absent	Absent	Absent	Absent	Present	Present	Present	Absent	Absent	Absent	Absent	Present	Present
Fermentation	Pyruvate <=> acetyl-CoA + formate 	pflD	Absent	Absent	Absent	Absent	Absent	Absent	Absent	Absent	Absent	Absent	Absent	Absent	Absent	Absent	Absent	Absent	Absent	Absent	Absent	Absent	Absent	Absent	Absent	Absent	Absent	Absent	Absent	Absent
C1 metabolism	Methanol oxidation	mxaF or mdh	Absent	Absent	Absent	Absent	Absent	Absent	Absent	Absent	Absent	Absent	Absent	Absent	Absent	Absent	Absent	Absent	Absent	Absent	Absent	Absent	Absent	Absent	Absent	Absent	Absent	Absent	Absent	Absent
C1 metabolism	Methyl amine -> formaldehyde	mauAB	Absent	Absent	Absent	Absent	Absent	Absent	Absent	Absent	Absent	Absent	Absent	Absent	Absent	Absent	Absent	Absent	Absent	Absent	Absent	Absent	Absent	Absent	Absent	Absent	Absent	Absent	Absent	Absent
C1 metabolism	Formaldehyde oxidation	fdhA||fghA||frmA||mycoS_dep_FDH||fae	Absent	Present	Absent	Absent	Absent	Present	Absent	Absent	Absent	Present	Present	Absent	Absent	Absent	Absent	Absent	Absent	Absent	Absent	Absent	Present	Absent	Absent	Absent	Absent	Present	Present	Present
C1 metabolism	Formate oxidation	fdoG||fdwB||fdoH||fdhAB	Absent	Absent	Absent	Absent	Absent	Absent	Absent	Absent	Absent	Present	Present	Absent	Present	Absent	Absent	Absent	Absent	Absent	Absent	Absent	Absent	Absent	Absent	Absent	Absent	Absent	Absent	Absent
C1 metabolism	Aerobic CO oxidation	coxS||coxM||coxL	Absent	Absent	Absent	Absent	Absent	Absent	Absent	Absent	Absent	Absent	Absent	Absent	Absent	Absent	Absent	Absent	Absent	Absent	Absent	Absent	Absent	Absent	Absent	Absent	Absent	Absent	Absent	Absent
Methane metabolism	Methane oxidation - Partculate methane monooxygenase	pmoABC	Absent	Absent	Absent	Absent	Absent	Absent	Absent	Absent	Absent	Absent	Absent	Absent	Absent	Absent	Absent	Absent	Absent	Absent	Absent	Absent	Absent	Absent	Absent	Absent	Absent	Absent	Absent	Absent
Methane metabolism	Methane oxidation - Soluble methane monoxygenase	mmoBD	Absent	Absent	Absent	Absent	Absent	Absent	Absent	Absent	Absent	Absent	Absent	Absent	Absent	Absent	Absent	Absent	Absent	Absent	Absent	Absent	Absent	Absent	Absent	Absent	Absent	Absent	Absent	Absent
Methane metabolism	Methane production	mcrABC	Absent	Absent	Absent	Absent	Absent	Absent	Absent	Absent	Absent	Present	Present	Absent	Present	Absent	Absent	Absent	Absent	Absent	Absent	Absent	Absent	Absent	Absent	Absent	Absent	Absent	Absent	Absent
Carbon fixation	CBB cycle - Rubisco (Form I)	Form I	Absent	Present	Absent	Absent	Absent	Absent	Absent	Absent	Absent	Absent	Absent	Absent	Absent	Absent	Absent	Absent	Absent	Absent	Absent	Absent	Absent	Absent	Absent	Absent	Absent	Absent	Present	Present
Carbon fixation	CBB cycle - Rubisco (Form II)	Form II	Absent	Absent	Absent	Absent	Absent	Absent	Absent	Absent	Absent	Absent	Absent	Absent	Absent	Absent	Absent	Absent	Absent	Absent	Absent	Absent	Absent	Absent	Absent	Absent	Absent	Absent	Absent	Absent
Carbon fixation	3 Hydroxypropionate cycle	mcr||K14469	Absent	Absent	Absent	Absent	Absent	Absent	Absent	Absent	Absent	Absent	Absent	Absent	Absent	Absent	Absent	Absent	Absent	Absent	Absent	Absent	Absent	Absent	Absent	Absent	Absent	Absent	Absent	Absent
Carbon fixation	3HP/4HB	K14466||K18861	Absent	Absent	Absent	Absent	Absent	Absent	Absent	Absent	Absent	Absent	Absent	Absent	Absent	Absent	Absent	Absent	Absent	Absent	Absent	Absent	Absent	Absent	Absent	Absent	Absent	Absent	Absent	Absent
Carbon fixation	DC/4-HB	K18861||4hbl	Absent	Absent	Absent	Absent	Absent	Absent	Absent	Absent	Absent	Absent	Absent	Absent	Absent	Absent	Absent	Absent	Absent	Absent	Absent	Absent	Absent	Absent	Absent	Absent	Absent	Absent	Absent	Absent
Carbon fixation	Wood Ljungdahl pathway	cdhD||cdhE||cooS	Absent	Absent	Absent	Absent	Absent	Absent	Absent	Absent	Absent	Present	Absent	Absent	Present	Present	Absent	Absent	Absent	Absent	Absent	Absent	Absent	Absent	Absent	Absent	Absent	Absent	Absent	Absent
Carbon fixation	Reverse TCA cycle	aclAB	Absent	Absent	Absent	Present	Present	Absent	Absent	Absent	Absent	Absent	Absent	Absent	Absent	Present	Absent	Absent	Absent	Absent	Absent	Absent	Absent	Absent	Absent	Absent	Absent	Absent	Absent	Absent
Nitrogen cycling	Ammonia oxidation	amoABC	Absent	Present	Absent	Absent	Absent	Absent	Absent	Absent	Absent	Absent	Absent	Absent	Absent	Absent	Absent	Absent	Absent	Absent	Absent	Absent	Absent	Absent	Absent	Absent	Present	Present	Present	Present
Nitrogen cycling	N2 fixation	anfDKG||nifDK||vnfDKG||nifH	Absent	Absent	Absent	Present	Present	Absent	Absent	Absent	Absent	Present	Present	Present	Present	Absent	Absent	Present	Absent	Absent	Absent	Absent	Absent	Absent	Absent	Absent	Absent	Absent	Absent	Absent
Nitrogen cycling	Nitrite oxidation	nxrAB	Absent	Absent	Absent	Absent	Absent	Absent	Absent	Absent	Absent	Absent	Absent	Absent	Absent	Absent	Absent	Absent	Absent	Absent	Absent	Absent	Absent	Absent	Absent	Absent	Absent	Absent	Absent	Absent
Nitrogen cycling	Nitrate reduction	napAB||narGH	Absent	Absent	Absent	Absent	Absent	Present	Absent	Absent	Absent	Absent	Absent	Absent	Absent	Present	Absent	Absent	Absent	Absent	Absent	Absent	Absent	Absent	Absent	Absent	Absent	Absent	Absent	Absent
Nitrogen cycling	Nitrite reduction to ammonia	nrfADH||nirBD	Present	Absent	Present	Absent	Absent	Present	Absent	Absent	Absent	Absent	Absent	Absent	Absent	Absent	Absent	Absent	Absent	Absent	Absent	Absent	Present	Absent	Absent	Absent	Absent	Absent	Absent	Absent
Nitrogen cycling	Nitrite reduction	nirKS||octR	Absent	Present	Absent	Present	Present	Present	Present	Absent	Absent	Absent	Absent	Absent	Absent	Present	Present	Absent	Absent	Absent	Absent	Absent	Absent	Present	Absent	Absent	Absent	Present	Present	Present
Nitrogen cycling	Nitric oxide reduction	norBC	Absent	Present	Absent	Absent	Absent	Absent	Absent	Absent	Absent	Absent	Absent	Absent	Absent	Present	Present	Absent	Absent	Absent	Absent	Absent	Absent	Absent	Absent	Absent	Present	Present	Present	Present
Nitrogen cycling	Nitrous oxide reduction	nosDZ	Absent	Absent	Absent	Absent	Absent	Absent	Absent	Absent	Absent	Absent	Absent	Absent	Absent	Present	Absent	Absent	Absent	Absent	Absent	Absent	Absent	Present	Absent	Absent	Absent	Absent	Absent	Absent
Nitrogen cycling	Anammox	hzoA||hzsA	Absent	Absent	Absent	Absent	Absent	Absent	Absent	Absent	Absent	Absent	Absent	Absent	Absent	Absent	Absent	Absent	Absent	Absent	Absent	Absent	Absent	Absent	Absent	Absent	Absent	Absent	Absent	Absent
Sulfur cycling	Sulfide oxidation	fccB||sqr	Absent	Absent	Absent	Present	Present	Absent	Absent	Absent	Absent	Absent	Absent	Absent	Absent	Present	Present	Absent	Absent	Absent	Absent	Absent	Absent	Absent	Absent	Absent	Absent	Absent	Absent	Absent
Sulfur cycling	Sulfite reduction	dsrABD||asrABC	Present	Absent	Absent	Present	Present	Absent	Absent	Absent	Absent	Absent	Absent	Absent	Absent	Absent	Absent	Absent	Present	Absent	Absent	Absent	Absent	Absent	Absent	Absent	Absent	Absent	Absent	Absent
Sulfur cycling	Sulfur oxidation	sdo||sor	Present	Present	Present	Present	Present	Absent	Absent	Absent	Absent	Absent	Absent	Absent	Absent	Absent	Absent	Absent	Present	Absent	Absent	Absent	Present	Present	Absent	Absent	Present	Present	Present	Present
Sulfur cycling	Sulfur reduction	sreABC||sor	Absent	Absent	Absent	Absent	Absent	Absent	Absent	Absent	Absent	Absent	Absent	Absent	Absent	Absent	Absent	Absent	Absent	Absent	Absent	Absent	Absent	Absent	Absent	Absent	Absent	Absent	Absent	Absent
Sulfur cycling	Thiosulfate oxidation	soxBCY	Absent	Absent	Absent	Present	Absent	Absent	Absent	Absent	Absent	Absent	Absent	Absent	Absent	Present	Absent	Absent	Absent	Absent	Absent	Absent	Absent	Absent	Absent	Absent	Absent	Absent	Absent	Absent
Sulfur cycling	Sulfate reduction	aprA||sat	Present	Absent	Absent	Absent	Absent	Absent	Present	Absent	Present	Absent	Absent	Absent	Absent	Present	Present	Absent	Absent	Absent	Absent	Absent	Absent	Absent	Absent	Absent	Absent	Absent	Absent	Absent
Sulfur cycling	Thiosulfate disproportionation	phsA	Absent	Absent	Absent	Absent	Present	Present	Absent	Absent	Absent	Absent	Absent	Absent	Absent	Absent	Absent	Absent	Absent	Absent	Absent	Absent	Absent	Absent	Absent	Absent	Absent	Absent	Absent	Absent
Hydrogenases	FeFe hydrogenase	fefe-group-a13	Absent	Absent	Absent	Absent	Absent	Absent	Absent	Absent	Absent	Absent	Absent	Absent	Absent	Absent	Absent	Present	Present	Absent	Absent	Absent	Absent	Absent	Present	Present	Absent	Absent	Absent	Absent
Hydrogenases	FeFe hydrogenase	fefe-group-a2	Absent	Absent	Absent	Absent	Absent	Absent	Absent	Absent	Absent	Absent	Absent	Absent	Absent	Absent	Absent	Absent	Absent	Absent	Absent	Absent	Absent	Absent	Absent	Absent	Absent	Absent	Absent	Absent
Hydrogenases	FeFe hydrogenase	fefe-group-a4	Absent	Absent	Absent	Absent	Absent	Absent	Absent	Absent	Absent	Absent	Absent	Absent	Absent	Absent	Absent	Absent	Absent	Absent	Absent	Absent	Absent	Absent	Absent	Absent	Absent	Absent	Absent	Absent
Hydrogenases	FeFe hydrogenase	fefe-group-b	Absent	Absent	Absent	Absent	Absent	Absent	Absent	Absent	Absent	Absent	Absent	Absent	Absent	Absent	Absent	Absent	Absent	Absent	Absent	Absent	Absent	Absent	Absent	Absent	Absent	Absent	Absent	Absent
Hydrogenases	FeFe hydrogenase	fefe-group-c1	Absent	Absent	Absent	Absent	Absent	Absent	Absent	Absent	Absent	Absent	Absent	Absent	Absent	Absent	Absent	Present	Present	Absent	Absent	Absent	Absent	Absent	Absent	Absent	Absent	Absent	Absent	Absent
Hydrogenases	FeFe hydrogenase	fefe-group-c2	Absent	Absent	Absent	Absent	Absent	Absent	Absent	Absent	Absent	Absent	Absent	Absent	Absent	Absent	Absent	Absent	Absent	Absent	Absent	Absent	Absent	Absent	Absent	Absent	Absent	Absent	Absent	Absent
Hydrogenases	FeFe hydrogenase	fefe-group-c3	Absent	Absent	Absent	Absent	Absent	Absent	Absent	Absent	Absent	Absent	Absent	Absent	Absent	Absent	Absent	Absent	Present	Absent	Absent	Absent	Absent	Absent	Present	Present	Absent	Absent	Absent	Absent
Hydrogenases	Fe hydrogenase	fe	Absent	Absent	Absent	Absent	Absent	Absent	Absent	Absent	Absent	Present	Absent	Absent	Present	Absent	Absent	Absent	Absent	Absent	Absent	Absent	Absent	Absent	Absent	Absent	Absent	Absent	Absent	Absent
Hydrogenases	Ni-Fe Hydrogenase	nife-group-1	Present	Absent	Absent	Absent	Present	Present	Absent	Absent	Absent	Absent	Absent	Absent	Absent	Present	Absent	Absent	Absent	Absent	Absent	Absent	Absent	Absent	Absent	Absent	Absent	Absent	Absent	Absent
Hydrogenases	Ni-Fe Hydrogenase	nife-group-2ade	Absent	Absent	Absent	Absent	Absent	Absent	Absent	Absent	Absent	Absent	Absent	Absent	Absent	Absent	Absent	Absent	Absent	Absent	Absent	Absent	Absent	Present	Absent	Absent	Absent	Absent	Absent	Absent
Hydrogenases	Ni-Fe Hydrogenase	nife-group-2bc	Absent	Absent	Absent	Absent	Absent	Absent	Absent	Absent	Absent	Absent	Absent	Absent	Absent	Absent	Absent	Absent	Absent	Absent	Absent	Absent	Absent	Absent	Absent	Absent	Absent	Absent	Absent	Absent
Hydrogenases	Ni-Fe Hydrogenase	nife-group-3abd	Absent	Absent	Absent	Absent	Absent	Absent	Absent	Absent	Absent	Absent	Absent	Absent	Absent	Absent	Absent	Absent	Absent	Absent	Absent	Absent	Absent	Absent	Absent	Absent	Absent	Absent	Absent	Absent
Hydrogenases	Ni-Fe Hydrogenase	nife-group-3c	Absent	Absent	Absent	Absent	Absent	Absent	Absent	Absent	Absent	Present	Present	Absent	Present	Absent	Absent	Absent	Absent	Absent	Absent	Absent	Absent	Absent	Absent	Absent	Absent	Absent	Absent	Absent
Hydrogenases	Ni-Fe Hydrogenase	nife-group-4a-g	Absent	Absent	Absent	Absent	Absent	Absent	Absent	Absent	Absent	Absent	Absent	Absent	Absent	Absent	Absent	Present	Absent	Absent	Present	Absent	Absent	Absent	Absent	Absent	Absent	Absent	Absent	Absent
Hydrogenases	Ni-Fe Hydrogenase	nife-group-4hi	Absent	Absent	Absent	Absent	Absent	Absent	Absent	Absent	Absent	Present	Present	Absent	Absent	Absent	Absent	Absent	Absent	Absent	Absent	Absent	Absent	Absent	Absent	Absent	Absent	Absent	Absent	Absent
Oxidative phosphorylation	Complex I (NADH-quinone oxidoreductase)	nuoABC	Present	Present	Absent	Present	Present	Absent	Present	Absent	Absent	Absent	Absent	Absent	Absent	Present	Present	Absent	Absent	Absent	Absent	Present	Absent	Present	Absent	Absent	Absent	Absent	Present	Present
Oxidative phosphorylation	Complex I (NAD(P)H-quinone oxidoreductase)	NdhABC	Absent	Absent	Absent	Absent	Absent	Absent	Absent	Absent	Absent	Absent	Absent	Absent	Absent	Absent	Absent	Absent	Absent	Absent	Absent	Absent	Absent	Absent	Absent	Absent	Absent	Absent	Absent	Absent
Oxidative phosphorylation	Complex II (Succinate dehydrogenase/Fumarate reductase)	sdhCD	Present	Present	Present	Present	Present	Present	Present	Absent	Absent	Absent	Absent	Absent	Absent	Absent	Absent	Absent	Absent	Absent	Absent	Present	Present	Present	Absent	Absent	Present	Present	Present	Present
Oxidative phosphorylation	Complex III (Cytochrome c reductase)	petAB||fbcH	Absent	Present	Absent	Absent	Absent	Present	Absent	Absent	Absent	Absent	Absent	Absent	Absent	Present	Present	Absent	Absent	Absent	Absent	Absent	Absent	Absent	Absent	Absent	Absent	Absent	Absent	Present
Oxidative phosphorylation	Complex V (ATP synthase: V/A-type H+/Na+-transporting ATPase)	atpAB (V/A-type)	Absent	Absent	Absent	Absent	Absent	Absent	Absent	Present	Present	Present	Present	Present	Present	Absent	Absent	Absent	Present	Present	Present	Present	Absent	Absent	Absent	Present	Absent	Absent	Absent	Absent
Oxidative phosphorylation	Complex V (F-type H+-transporting ATPase)	atpAD (F-type)	Present	Present	Absent	Present	Present	Present	Present	Absent	Absent	Absent	Absent	Present	Absent	Present	Present	Present	Absent	Absent	Absent	Absent	Present	Present	Present	Present	Present	Present	Present	Present
Oxygen metabolism (Oxidative phosphorylation Complex IV)	Oxygen metabolism - cytochrome c oxidase, caa3-type	coxAB	Absent	Present	Absent	Absent	Absent	Present	Present	Absent	Absent	Absent	Absent	Absent	Absent	Absent	Absent	Absent	Absent	Absent	Absent	Present	Present	Present	Absent	Absent	Absent	Absent	Present	Present
Oxygen metabolism (Oxidative phosphorylation Complex IV)	Oxygen metabolism - cytochrome c oxidase, cbb3-type	ccoNOP	Absent	Absent	Absent	Absent	Present	Present	Absent	Absent	Absent	Absent	Absent	Absent	Absent	Present	Present	Absent	Absent	Absent	Absent	Absent	Present	Present	Absent	Absent	Absent	Absent	Absent	Absent
Oxygen metabolism (Oxidative phosphorylation Complex IV)	Oxygen metabolism - cytochrome (quinone) oxidase, bo type	cyoABCD	Absent	Absent	Absent	Absent	Absent	Present	Absent	Absent	Absent	Absent	Absent	Absent	Absent	Absent	Absent	Absent	Absent	Absent	Absent	Absent	Absent	Absent	Absent	Absent	Absent	Absent	Absent	Absent
Oxygen metabolism (Oxidative phosphorylation Complex IV)	Oxygen metabolism - cytochrome (quinone) oxidase, bd type	cydAB	Present	Absent	Present	Present	Present	Present	Present	Absent	Absent	Absent	Absent	Absent	Absent	Absent	Absent	Absent	Absent	Absent	Absent	Absent	Present	Absent	Absent	Absent	Absent	Absent	Absent	Absent
Oxygen metabolism (Oxidative phosphorylation Complex IV)	Oxygen metabolism - cytochrome (quinone) oxidase, aa3 type, QoxABCD	qoxAB	Absent	Absent	Absent	Absent	Absent	Absent	Absent	Absent	Absent	Absent	Absent	Absent	Absent	Absent	Absent	Absent	Absent	Absent	Absent	Absent	Absent	Absent	Absent	Absent	Absent	Absent	Absent	Absent
Urea utilization	Urease	ureABC	Absent	Absent	Absent	Absent	Absent	Absent	Present	Absent	Absent	Absent	Absent	Absent	Absent	Absent	Absent	Present	Absent	Absent	Absent	Absent	Absent	Absent	Absent	Absent	Absent	Absent	Absent	Absent
Halogenated compound utilization	Halogenated compounds breakdown	E3.8.1.2||pcpC||cprA||pceA	Absent	Absent	Absent	Absent	Absent	Absent	Absent	Absent	Absent	Absent	Absent	Absent	Absent	Absent	Absent	Absent	Absent	Absent	Absent	Absent	Absent	Absent	Absent	Absent	Absent	Absent	Absent	Absent
Perchlorate reduction	Perchlorate reduction	pcrAB	Absent	Absent	Absent	Absent	Absent	Absent	Absent	Absent	Absent	Absent	Absent	Absent	Absent	Present	Absent	Absent	Absent	Absent	Absent	Absent	Absent	Absent	Absent	Absent	Absent	Absent	Absent	Absent
Chlorite reduction	Chlorite reduction	cld	Absent	Absent	Absent	Absent	Absent	Absent	Present	Absent	Absent	Absent	Absent	Absent	Absent	Absent	Absent	Absent	Absent	Absent	Absent	Present	Present	Absent	Absent	Absent	Absent	Absent	Absent	Absent
As cycling	Arsenite oxidation	arxA||aioA	Absent	Absent	Absent	Absent	Absent	Absent	Absent	Absent	Absent	Absent	Absent	Absent	Absent	Absent	Absent	Absent	Absent	Absent	Absent	Absent	Absent	Absent	Absent	Absent	Absent	Absent	Absent	Absent
As cycling	Arsenate reduction	arrA	Absent	Absent	Absent	Absent	Present	Absent	Absent	Absent	Absent	Absent	Absent	Absent	Absent	Absent	Absent	Absent	Absent	Absent	Absent	Absent	Absent	Absent	Absent	Absent	Absent	Absent	Absent	Absent
Selenate reduction	Selenate reduction	ygfMK||xdhD	Absent	Absent	Absent	Absent	Absent	Absent	Absent	Absent	Absent	Absent	Absent	Absent	Absent	Absent	Absent	Absent	Absent	Absent	Absent	Absent	Absent	Absent	Absent	Absent	Absent	Absent	Absent	Absent
Nitrile hydration	Nitrile hydratase	nthAB	Absent	Absent	Absent	Absent	Absent	Absent	Absent	Absent	Absent	Absent	Absent	Absent	Absent	Absent	Absent	Absent	Absent	Absent	Absent	Absent	Absent	Absent	Absent	Absent	Absent	Absent	Absent	Absent
Metal reduction	Metal (Iron/Manganese) reduction	Iron reduction series genes	Present	Present	Present	Present	Present	Present	Present	Present	Present	Present	Present	Present	Present	Present	Present	Present	Present	Absent	Present	Present	Present	Present	Present	Present	Present	Present	Present	Present
