SampleAccession	ENAAccessions	SampleTitle	Latitude	Longitude	DepthAnnotation	DepthM	SamplingSite	ProtocolLabel	NucleicAcid	SizeFractionMicrometre	CollectionDateStart	CollectionDateEnd	EnvironmentFeature	EnvironmentMaterial	BroadContext	LocalContext	Temperature	Salinity	Status	MetadataStudyAccessions	ValidCoordinates
SAMEA2591084	SAMEA2591084;ERS477979	TARA_20091118T0841Z_023_EVENT_PUMP_P_S_(5-7m)_BACT_NUC-DNA(100L)_W0.22-1.6_TARA_E500000075	42.2038	17.715	5	5	TARA_023	BACT_NUC-DNA(100L)_W0.22-1.6	DNA	0.22-1.6	2009-11-18	2009-11-18	surface water (ENVO:00002042) layer	saline water (ENVO:00002010), including plankton (ENVO:xxxxxxxx)	marine biome (ENVO:00000447)	surface water (ENVO:00002042) layer			public	PRJEB7988;PRJEB6610	True
SAMEA2591098	SAMEA2591098;ERS477998	TARA_20091118T1240Z_023_EVENT_PUMP_P_D_(55-57m)_BACT_NUC-DNA(100L)_W0.22-1.6_TARA_E500000081	42.1735	17.7252	55	55	TARA_023	BACT_NUC-DNA(100L)_W0.22-1.6	DNA	0.22-1.6	2009-11-18	2009-11-18	deep chlorophyll maximum layer (ENVO:xxxxxxxx)	saline water (ENVO:00002010), including plankton (ENVO:xxxxxxxx)	marine biome (ENVO:00000447)	deep chlorophyll maximum layer (ENVO:xxxxxxxx)			public	PRJEB7988;PRJEB6610	True
SAMEA2591108	ERS478017;SAMEA2591108	TARA_20091215T1041Z_030_EVENT_PUMP_P_S_(5-7m)_BACT_NUC-DNA(100L)_W0.22-1.6_TARA_A100001015	33.9179	32.898	5	5	TARA_030	BACT_NUC-DNA(100L)_W0.22-1.6	DNA	0.22-1.6	2009-12-15	2009-12-15	surface water (ENVO:00002042) layer	saline water (ENVO:00002010), including plankton (ENVO:xxxxxxxx)	marine biome (ENVO:00000447)	surface water (ENVO:00002042) layer			public	PRJEB7988;PRJEB1787	True
SAMEA2591122	SAMEA2591122;ERS478040	TARA_20091215T1512Z_030_Combined-EVENTS_CAST_MB_D_(70-75m)_BACT_NUC-DNA(100L)_W0.22-1.6_TARA_A100001011	33.9235	32.8118	70	70	TARA_030	BACT_NUC-DNA(100L)_W0.22-1.6	DNA	0.22-1.6	2009-12-15	2009-12-15	deep chlorophyll maximum layer (ENVO:xxxxxxxx)	saline water (ENVO:00002010), including plankton (ENVO:xxxxxxxx)	marine biome (ENVO:00000447)	deep chlorophyll maximum layer (ENVO:xxxxxxxx)			public	PRJEB7988;PRJEB1787	True
SAMEA2619376	ERS487899;SAMEA2619376	TARA_20090915T1130Z_004_EVENT_PUMP_P_S_(5 m)_BACT_NUC-DNA(100L)_W0.22-1.6_TARA_X000000263	36.5533	-6.5669	5	5	TARA_004	BACT_NUC-DNA(100L)_W0.22-1.6	DNA	0.22-1.6	2009-09-14	2009-09-15	surface water layer (ENVO:00002042)	"""saline water (ENVO:00002010), including plankton (ENVO:xxxxxxxx)"""	marine biome (ENVO:00000447)	surface water layer (ENVO:00002042)			public	PRJEB7988;PRJEB6610	True
SAMEA2619399	ERS487936;SAMEA2619399	TARA_20090915T1800Z_004_EVENT_PUMP_P_D_(40 m)_BACT_NUC-DNA(100L)_W0.22-1.6_TARA_X000000368	36.5533	-6.5669	40	40	TARA_004	BACT_NUC-DNA(100L)_W0.22-1.6	DNA	0.22-1.6	2009-09-14	2009-09-15	deep chlorophyll maximum layer (ENVO:xxxxxxxx)	"""saline water (ENVO:00002010), including plankton (ENVO:xxxxxxxx)"""	marine biome (ENVO:00000447)	deep chlorophyll maximum layer (ENVO:xxxxxxxx)			public	PRJEB7988;PRJEB6610	True
SAMEA2619667	ERS488330;SAMEA2619667	TARA_20091102T0813Z_018_EVENT_PUMP_P_S_(5 m)_BACT_NUC-DNA(100L)_W0.22-1.6_TARA_A100000164	35.759	14.2574	5	5	TARA_018	BACT_NUC-DNA(100L)_W0.22-1.6	DNA	0.22-1.6	2009-11-02	2009-11-02	surface water layer (ENVO:00002042)	"""saline water (ENVO:00002010), including plankton (ENVO:xxxxxxxx)"""	marine biome (ENVO:00000447)	surface water layer (ENVO:00002042)			public	PRJEB7988;PRJEB6610	True
SAMEA2619678	SAMEA2619678;ERS488346	TARA_20091102T1407Z_018_EVENT_PUMP_P_D_(60 m)_BACT_NUC-DNA(100L)_W0.22-1.6_TARA_S200000501	35.7528	14.2765	60	60	TARA_018	BACT_NUC-DNA(100L)_W0.22-1.6	DNA	0.22-1.6	2009-11-02	2009-11-02	deep chlorophyll maximum layer (ENVO:xxxxxxxx)	"""saline water (ENVO:00002010), including plankton (ENVO:xxxxxxxx)"""	marine biome (ENVO:00000447)	deep chlorophyll maximum layer (ENVO:xxxxxxxx)			public	PRJEB7988;PRJEB6610	True
SAMEA2619766	ERS488486;SAMEA2619766	TARA_20091123T0912Z_025_EVENT_PUMP_P_S_(5 m)_BACT_NUC-DNA(100L)_W0.22-1.6_TARA_E500000178	39.3888	19.3905	5	5	TARA_025	BACT_NUC-DNA(100L)_W0.22-1.6	DNA	0.22-1.6	2009-11-23	2009-11-23	surface water layer (ENVO:00002042)	"""saline water (ENVO:00002010), including plankton (ENVO:xxxxxxxx)"""	marine biome (ENVO:00000447)	surface water layer (ENVO:00002042)			public	PRJEB7988;PRJEB6610	True
SAMEA2619782	SAMEA2619782;ERS488509	TARA_20091123T1352Z_025_EVENT_PUMP_P_D_(50 m)_BACT_NUC-DNA(100L)_W0.22-1.6_TARA_E500000331	39.3991	19.3997	50	50	TARA_025	BACT_NUC-DNA(100L)_W0.22-1.6	DNA	0.22-1.6	2009-11-23	2009-11-23	deep chlorophyll maximum layer (ENVO:xxxxxxxx)	"""saline water (ENVO:00002010), including plankton (ENVO:xxxxxxxx)"""	marine biome (ENVO:00000447)	deep chlorophyll maximum layer (ENVO:xxxxxxxx)			public	PRJEB7988;PRJEB6610	True
SAMEA2619802	SAMEA2619802;ERS488545	TARA_20100109T0715Z_031_EVENT_PUMP_P_S_(5 m)_BACT_NUC-DNA(100L)_W0.22-1.6_TARA_A100001403	27.16	27.1433	5	5	TARA_031	BACT_NUC-DNA(100L)_W0.22-1.6	DNA	0.22-1.6	2010-01-09	2010-01-09	surface water layer (ENVO:00002042)	"""saline water (ENVO:00002010), including plankton (ENVO:xxxxxxxx)"""	marine biome (ENVO:00000447)	surface water layer (ENVO:00002042)			public	PRJEB7988;PRJEB6610	True
SAMEA2619818	SAMEA2619818;ERS488569	TARA_20100111T0721Z_032_EVENT_PUMP_P_S_(5 m)_BACT_NUC-DNA(100L)_W0.22-1.6_TARA_A100001035	23.36	37.2183	5	5	TARA_032	BACT_NUC-DNA(100L)_W0.22-1.6	DNA	0.22-1.6	2010-01-11	2010-01-11	surface water layer (ENVO:00002042)	"""saline water (ENVO:00002010), including plankton (ENVO:xxxxxxxx)"""	marine biome (ENVO:00000447)	surface water layer (ENVO:00002042)			public	PRJEB7988;PRJEB6610	True
SAMEA2619840	SAMEA2619840;ERS488599	TARA_20100111T1417Z_032_EVENT_PUMP_P_D_(80 m)_BACT_NUC-DNA(100L)_W0.22-1.6_TARA_A100001037	23.4183	37.245	80	80	TARA_032	BACT_NUC-DNA(100L)_W0.22-1.6	DNA	0.22-1.6	2010-01-11	2010-01-11	deep chlorophyll maximum layer (ENVO:xxxxxxxx)	"""saline water (ENVO:00002010), including plankton (ENVO:xxxxxxxx)"""	marine biome (ENVO:00000447)	deep chlorophyll maximum layer (ENVO:xxxxxxxx)			public	PRJEB7988;PRJEB6610	True
SAMEA2619857	SAMEA2619857;ERS488621	TARA_20100113T0716Z_033_EVENT_PUMP_P_S_(5 m)_BACT_NUC-DNA(100L)_W0.22-1.6_TARA_A100001234	21.9467	38.2517	5	5	TARA_033	BACT_NUC-DNA(100L)_W0.22-1.6	DNA	0.22-1.6	2010-01-13	2010-01-13	surface water layer (ENVO:00002042)	"""saline water (ENVO:00002010), including plankton (ENVO:xxxxxxxx)"""	marine biome (ENVO:00000447)	surface water layer (ENVO:00002042)			public	PRJEB7988;PRJEB6610	True
SAMEA2619879	ERS488649;SAMEA2619879	TARA_20100120T0427Z_034_EVENT_PUMP_P_S_(5 m)_BACT_NUC-DNA(100L)_W0.22-1.6_TARA_B100000003	18.3967	39.875	5	5	TARA_034	BACT_NUC-DNA(100L)_W0.22-1.6	DNA	0.22-1.6	2010-01-20	2010-01-20	surface water layer (ENVO:00002042)	"""saline water (ENVO:00002010), including plankton (ENVO:xxxxxxxx)"""	marine biome (ENVO:00000447)	surface water layer (ENVO:00002042)			public	PRJEB7988;PRJEB6610	True
SAMEA2619907	ERS488685;SAMEA2619907	TARA_20100120T1150Z_034_EVENT_PUMP_P_D_(60 m)_BACT_NUC-DNA(100L)_W0.22-1.6_TARA_B100000029	18.4417	39.8567	60	60	TARA_034	BACT_NUC-DNA(100L)_W0.22-1.6	DNA	0.22-1.6	2010-01-20	2010-01-20	deep chlorophyll maximum layer (ENVO:xxxxxxxx)	"""saline water (ENVO:00002010), including plankton (ENVO:xxxxxxxx)"""	marine biome (ENVO:00000447)	deep chlorophyll maximum layer (ENVO:xxxxxxxx)			public	PRJEB7988;PRJEB6610	True
SAMEA2619927	SAMEA2619927;ERS488714	TARA_20100312T0606Z_036_EVENT_PUMP_P_S_(5 m)_BACT_NUC-DNA(100L)_W0.22-1.6_TARA_B100000034	20.8183	63.5047	5	5	TARA_036	BACT_NUC-DNA(100L)_W0.22-1.6	DNA	0.22-1.6	2010-03-12	2010-03-12	surface water layer (ENVO:00002042)	"""saline water (ENVO:00002010), including plankton (ENVO:xxxxxxxx)"""	marine biome (ENVO:00000447)	surface water layer (ENVO:00002042)			public	PRJEB7988;PRJEB6610	True
SAMEA2619952	SAMEA2619952;ERS488747	TARA_20100312T1223Z_036_EVENT_PUMP_P_D_(17 m)_BACT_NUC-DNA(100L)_W0.22-1.6_TARA_B100000035	20.8222	63.5133	17	17	TARA_036	BACT_NUC-DNA(100L)_W0.22-1.6	DNA	0.22-1.6	2010-03-12	2010-03-12	deep chlorophyll maximum layer (ENVO:xxxxxxxx)	"""saline water (ENVO:00002010), including plankton (ENVO:xxxxxxxx)"""	marine biome (ENVO:00000447)	deep chlorophyll maximum layer (ENVO:xxxxxxxx)			public	PRJEB7988;PRJEB6610	True
SAMEA2619970	ERS488769;SAMEA2619970	TARA_20100313T0507Z_037_Combined-EVENTS_CAST_MB_M_(600 m)_BACT_NUC-RNA(10L-or-10min)_W0.22-1.6_TARA_B100000315	20.8457	63.5851	600	600	TARA_037	BACT_NUC-RNA(10L-or-10min)_W0.22-1.6	RNA	0.22-1.6	2010-03-12	2010-03-13	mesopelagic zone (ENVO:00000213) & marine oxygen minimum zone (ENVO:01000065)	"""saline water (ENVO:00002010), including plankton (ENVO:xxxxxxxx)"""	marine biome (ENVO:00000447)	mesopelagic zone (ENVO:00000213) & marine oxygen minimum zone (ENVO:01000065)			public	PRJEB7988;PRJEB6608	True
SAMEA2620000	ERS488799;SAMEA2620000	TARA_20100315T0335Z_038_EVENT_PUMP_P_S_(5 m)_BACT_NUC-RNA(10L-or-10min)_W0.22-1.6_TARA_B100000066	19.0393	64.4913	5	5	TARA_038	BACT_NUC-RNA(10L-or-10min)_W0.22-1.6	RNA	0.22-1.6	2010-03-15	2010-03-15	surface water layer (ENVO:00002042)	"""saline water (ENVO:00002010), including plankton (ENVO:xxxxxxxx)"""	marine biome (ENVO:00000447)	surface water layer (ENVO:00002042)			public	PRJEB7988;PRJEB6610	True
SAMEA2620021	ERS488830;SAMEA2620021	TARA_20100315T1118Z_038_EVENT_PUMP_P_D_(25 m)_BACT_NUC-RNA(10L-or-10min)_W0.22-1.6_TARA_B100000073	19.0284	64.5126	25	25	TARA_038	BACT_NUC-RNA(10L-or-10min)_W0.22-1.6	RNA	0.22-1.6	2010-03-15	2010-03-15	deep chlorophyll maximum layer (ENVO:xxxxxxxx)	"""saline water (ENVO:00002010), including plankton (ENVO:xxxxxxxx)"""	marine biome (ENVO:00000447)	deep chlorophyll maximum layer (ENVO:xxxxxxxx)			public	PRJEB7988;PRJEB6610	True
SAMEA2620035	SAMEA2620035;ERS488849	TARA_20100316T0614Z_038_Combined-EVENTS_CAST_MB_M_(340 m)_BACT_NUC-RNA(10L-or-10min)_W0.22-1.6_TARA_B100000071	19.0351	64.5638	340	340	TARA_038	BACT_NUC-RNA(10L-or-10min)_W0.22-1.6	RNA	0.22-1.6	2010-03-16	2010-03-16	mesopelagic zone (ENVO:00000213) & marine oxygen minimum zone (ENVO:01000065)	"""saline water (ENVO:00002010), including plankton (ENVO:xxxxxxxx)"""	marine biome (ENVO:00000447)	mesopelagic zone (ENVO:00000213) & marine oxygen minimum zone (ENVO:01000065)			public	PRJEB7988;PRJEB6608	True
SAMEA2620081	ERS488916;SAMEA2620081	TARA_20100318T1133Z_039_EVENT_PUMP_P_D_(25 m)_BACT_NUC-DNA(100L)_W0.22-1.6_TARA_B100000085	18.5839	66.4727	25	25	TARA_039	BACT_NUC-DNA(100L)_W0.22-1.6	DNA	0.22-1.6	2010-03-18	2010-03-18	deep chlorophyll maximum layer (ENVO:xxxxxxxx)	"""saline water (ENVO:00002010), including plankton (ENVO:xxxxxxxx)"""	marine biome (ENVO:00000447)	deep chlorophyll maximum layer (ENVO:xxxxxxxx)			public	PRJEB7988;PRJEB1787	True
SAMEA2620084	ERS488919;SAMEA2620084	TARA_20100318T1133Z_039_EVENT_PUMP_P_D_(25 m)_BACT_NUC-DNA(100L)_W1.6-20_TARA_B100000105	18.5839	66.4727	25	25	TARA_039	BACT_NUC-DNA(100L)_W1.6-20	DNA	1.6-20	2010-03-18	2010-03-18	deep chlorophyll maximum layer (ENVO:xxxxxxxx)	"""saline water (ENVO:00002010), including plankton (ENVO:xxxxxxxx)"""	marine biome (ENVO:00000447)	deep chlorophyll maximum layer (ENVO:xxxxxxxx)			public	PRJEB22493;PRJEB1787	True
SAMEA2620097	ERS488936;SAMEA2620097	TARA_20100320T0817Z_039_Combined-EVENTS_CAST_MB_M_(270 m)_BACT_NUC-DNA(100L)_W0.22-1.6_TARA_B100000097	18.7341	66.3896	270	270	TARA_039	BACT_NUC-DNA(100L)_W0.22-1.6	DNA	0.22-1.6	2010-03-20	2010-03-20	mesopelagic zone (ENVO:00000213) & marine oxygen minimum zone (ENVO:01000065)	"""saline water (ENVO:00002010), including plankton (ENVO:xxxxxxxx)"""	marine biome (ENVO:00000447)	mesopelagic zone (ENVO:00000213) & marine oxygen minimum zone (ENVO:01000065)			public	PRJEB7988;PRJEB6610	True
SAMEA2620194	ERS489043;SAMEA2620194	TARA_20100330T0247Z_041_EVENT_PUMP_P_S_(5 m)_BACT_NUC-RNA(10L-or-10min)_W0.22-1.6_TARA_B100000282	14.6059	69.9776	5	5	TARA_041	BACT_NUC-RNA(10L-or-10min)_W0.22-1.6	RNA	0.22-1.6	2010-03-29	2010-03-30	surface water layer (ENVO:00002042)	"""saline water (ENVO:00002010), including plankton (ENVO:xxxxxxxx)"""	marine biome (ENVO:00000447)	surface water layer (ENVO:00002042)			public	PRJEB7988;PRJEB6608	True
SAMEA2620217	ERS489074;SAMEA2620217	TARA_20100330T1056Z_041_EVENT_PUMP_P_D_(60 m)_BACT_NUC-RNA(10L-or-10min)_W0.22-1.6_TARA_B100000287	14.5536	70.0128	60	60	TARA_041	BACT_NUC-RNA(10L-or-10min)_W0.22-1.6	RNA	0.22-1.6	2010-03-29	2010-03-30	deep chlorophyll maximum layer (ENVO:xxxxxxxx)	"""saline water (ENVO:00002010), including plankton (ENVO:xxxxxxxx)"""	marine biome (ENVO:00000447)	deep chlorophyll maximum layer (ENVO:xxxxxxxx)			public	PRJEB7988;PRJEB6608	True
SAMEA2620230	SAMEA2620230;ERS489087	TARA_20100404T0247Z_042_EVENT_PUMP_P_S_(5 m)_BACT_NUC-DNA(100L)_W0.22-1.6_TARA_B100000123	6.0001	73.8955	5	5	TARA_042	BACT_NUC-DNA(100L)_W0.22-1.6	DNA	0.22-1.6	2010-04-03	2010-04-04	surface water layer (ENVO:00002042)	"""saline water (ENVO:00002010), including plankton (ENVO:xxxxxxxx)"""	marine biome (ENVO:00000447)	surface water layer (ENVO:00002042)			public	PRJEB7988;PRJEB6610	True
SAMEA2620259	ERS489134;SAMEA2620259	TARA_20100404T0950Z_042_EVENT_PUMP_P_D_(80 m)_BACT_NUC-DNA(100L)_W0.22-1.6_TARA_B100000131	5.9998	73.9067	80	80	TARA_042	BACT_NUC-DNA(100L)_W0.22-1.6	DNA	0.22-1.6	2010-04-03	2010-04-04	deep chlorophyll maximum layer (ENVO:xxxxxxxx)	"""saline water (ENVO:00002010), including plankton (ENVO:xxxxxxxx)"""	marine biome (ENVO:00000447)	deep chlorophyll maximum layer (ENVO:xxxxxxxx)			public	PRJEB7988;PRJEB6610	True
SAMEA2620339	ERS489236;SAMEA2620339	TARA_20100413T0321Z_045_EVENT_PUMP_P_S_(5 m)_BACT_NUC-DNA(100L)_W0.22-1.6_TARA_B100000161	0.0033	71.6428	5	5	TARA_045	BACT_NUC-DNA(100L)_W0.22-1.6	DNA	0.22-1.6	2010-04-12	2010-04-13	surface water layer (ENVO:00002042)	"""saline water (ENVO:00002010), including plankton (ENVO:xxxxxxxx)"""	marine biome (ENVO:00000447)	surface water layer (ENVO:00002042)			public	PRJEB7988;PRJEB6610	True
SAMEA2620404	ERS489315;SAMEA2620404	TARA_20100419T0756Z_048_EVENT_PUMP_P_S_(5 m)_BACT_NUC-DNA(100L)_W0.22-1.6_TARA_B100000242	-9.3921	66.4228	5	5	TARA_048	BACT_NUC-DNA(100L)_W0.22-1.6	DNA	0.22-1.6	2010-04-18	2010-04-19	surface water layer (ENVO:00002042)	"""saline water (ENVO:00002010), including plankton (ENVO:xxxxxxxx)"""	marine biome (ENVO:00000447)	surface water layer (ENVO:00002042)			public	PRJEB7988;PRJEB6610	True
SAMEA2620542	ERS489529;SAMEA2620542	TARA_20100517T0410Z_052_EVENT_PUMP_P_S_(5 m)_BACT_NUC-RNA(10L-or-10min)_W0.22-1.6_TARA_B100000212	-16.957	53.9801	5	5	TARA_052	BACT_NUC-RNA(10L-or-10min)_W0.22-1.6	RNA	0.22-1.6	2010-05-16	2010-05-17	surface water layer (ENVO:00002042)	"""saline water (ENVO:00002010), including plankton (ENVO:xxxxxxxx)"""	marine biome (ENVO:00000447)	surface water layer (ENVO:00002042)			public	PRJEB7988;PRJEB6608	True
SAMEA2620570	ERS489585;SAMEA2620570	TARA_20100517T1142Z_052_EVENT_PUMP_P_D_(75 m)_BACT_NUC-RNA(10L-or-10min)_W0.22-1.6_TARA_B100000214	-16.9534	53.9601	75	75	TARA_052	BACT_NUC-RNA(10L-or-10min)_W0.22-1.6	RNA	0.22-1.6	2010-05-16	2010-05-17	deep chlorophyll maximum layer (ENVO:xxxxxxxx)	"""saline water (ENVO:00002010), including plankton (ENVO:xxxxxxxx)"""	marine biome (ENVO:00000447)	deep chlorophyll maximum layer (ENVO:xxxxxxxx)			public	PRJEB7988;PRJEB6608	True
SAMEA2620651	ERS489712;SAMEA2620651	TARA_20100626T0705Z_056_EVENT_PUMP_P_S_(5 m)_BACT_NUC-DNA(100L)_W0.22-3_TARA_B000000609	-15.3424	43.2965	5	5	TARA_056	BACT_NUC-DNA(100L)_W0.22-3	DNA	0.22-3	2010-06-25	2010-06-26	surface water layer (ENVO:00002042)	"""saline water (ENVO:00002010), including plankton (ENVO:xxxxxxxx)"""	marine biome (ENVO:00000447)	surface water layer (ENVO:00002042)			public	PRJEB7988;PRJEB6610	True
SAMEA2620666	SAMEA2620666;ERS489727	TARA_20100626T0713Z_056_EVENT_CAST_B5_M_(1000 m)_BACT_NUC-DNA(100L)_W0.22-3_TARA_B100000378	-15.3379	43.2948	1000	1000	TARA_056	BACT_NUC-DNA(100L)_W0.22-3	DNA	0.22-3	2010-06-25	2010-06-26	mesopelagic zone (ENVO:00000213)	"""saline water (ENVO:00002010), including plankton (ENVO:xxxxxxxx)"""	marine biome (ENVO:00000447)	mesopelagic zone (ENVO:00000213)			public	PRJEB7988;PRJEB6610	True
SAMEA2620672	ERS489733;SAMEA2620672	TARA_20100627T1205Z_057_EVENT_PUMP_P_S_(5 m)_BACT_NUC-DNA(100L)_W0.22-3_TARA_B000000565	-17.0248	42.7401	5	5	TARA_057	BACT_NUC-DNA(100L)_W0.22-3	DNA	0.22-3	2010-06-26	2010-06-27	surface water layer (ENVO:00002042)	"""saline water (ENVO:00002010), including plankton (ENVO:xxxxxxxx)"""	marine biome (ENVO:00000447)	surface water layer (ENVO:00002042)			public	PRJEB7988;PRJEB1787	True
SAMEA2620734	ERS489846;SAMEA2620734	TARA_20100629T1500Z_058_EVENT_PUMP_P_D_(66 m)_BACT_NUC-DNA(100L)_W0.22-3_TARA_B000000557	-17.2855	42.2866	66	66	TARA_058	BACT_NUC-DNA(100L)_W0.22-3	DNA	0.22-3	2010-06-28	2010-06-29	deep chlorophyll maximum layer (ENVO:xxxxxxxx)	"""saline water (ENVO:00002010), including plankton (ENVO:xxxxxxxx)"""	marine biome (ENVO:00000447)	deep chlorophyll maximum layer (ENVO:xxxxxxxx)			public	PRJEB7988;PRJEB1787	True
SAMEA2620756	SAMEA2620756;ERS489877	TARA_20100703T0809Z_062_EVENT_PUMP_P_S_(5 m)_BACT_NUC-DNA(100L)_W0.22-3_TARA_B000000532	-22.3368	40.3412	5	5	TARA_062	BACT_NUC-DNA(100L)_W0.22-3	DNA	0.22-3	2010-07-02	2010-07-03	surface water layer (ENVO:00002042)	"""saline water (ENVO:00002010), including plankton (ENVO:xxxxxxxx)"""	marine biome (ENVO:00000447)	surface water layer (ENVO:00002042)			public	PRJEB7988;PRJEB36282	True
SAMEA2620786	ERS489917;SAMEA2620786	TARA_20100707T0448Z_064_EVENT_PUMP_P_S_(5 m)_BACT_NUC-DNA(100L)_W0.22-3_TARA_B100000401	-29.5019	37.9889	5	5	TARA_064	BACT_NUC-DNA(100L)_W0.22-3	DNA	0.22-3	2010-07-06	2010-07-07	surface water layer (ENVO:00002042)	"""saline water (ENVO:00002010), including plankton (ENVO:xxxxxxxx)"""	marine biome (ENVO:00000447)	surface water layer (ENVO:00002042)			public	PRJEB7988;PRJEB6610	True
SAMEA2620815	ERS489987;SAMEA2620815	TARA_20100707T1217Z_064_Combined-EVENTS_CAST_MB_M_(1000 m)_BACT_NUC-DNA(100L)_W0.22-3_TARA_B100000408	-29.5046	37.9599	1000	1000	TARA_064	BACT_NUC-DNA(100L)_W0.22-3	DNA	0.22-3	2010-07-06	2010-07-07	mesopelagic zone (ENVO:00000213)	"""saline water (ENVO:00002010), including plankton (ENVO:xxxxxxxx)"""	marine biome (ENVO:00000447)	mesopelagic zone (ENVO:00000213)			public	PRJEB7988;PRJEB6610	True
SAMEA2620828	ERS490002;SAMEA2620828	TARA_20100708T0621Z_064_EVENT_PUMP_P_D_(65 m)_BACT_NUC-DNA(100L)_W0.22-3_TARA_B100000405	-29.5333	37.9117	65	65	TARA_064	BACT_NUC-DNA(100L)_W0.22-3	DNA	0.22-3	2010-07-07	2010-07-08	deep chlorophyll maximum layer (ENVO:xxxxxxxx)	"""saline water (ENVO:00002010), including plankton (ENVO:xxxxxxxx)"""	marine biome (ENVO:00000447)	deep chlorophyll maximum layer (ENVO:xxxxxxxx)			public	PRJEB7988;PRJEB6610	True
SAMEA2620855	ERS490029;SAMEA2620855	TARA_20100712T0559Z_065_EVENT_PUMP_P_S_(5 m)_BACT_NUC-DNA(100L)_W0.22-3_TARA_B000000437	-35.1728	26.2868	5	5	TARA_065	BACT_NUC-DNA(100L)_W0.22-3	DNA	0.22-3	2010-07-11	2010-07-12	surface water layer (ENVO:00002042)	"""saline water (ENVO:00002010), including plankton (ENVO:xxxxxxxx)"""	marine biome (ENVO:00000447)	surface water layer (ENVO:00002042)			public	PRJEB7988;PRJEB1787	True
SAMEA2620882	SAMEA2620882;ERS490065	TARA_20100712T0650Z_065_Combined-EVENTS_CAST_MB_M_(850 m)_BACT_NUC-DNA(100L)_W0.22-3_TARA_B000000460	-35.1889	26.2905	850	850	TARA_065	BACT_NUC-DNA(100L)_W0.22-3	DNA	0.22-3	2010-07-11	2010-07-12	mesopelagic zone (ENVO:00000213)	"""saline water (ENVO:00002010), including plankton (ENVO:xxxxxxxx)"""	marine biome (ENVO:00000447)	mesopelagic zone (ENVO:00000213)			public	PRJEB7988;PRJEB6610	True
SAMEA2620890	ERS490085;SAMEA2620890	TARA_20100712T1106Z_065_Combined-EVENTS_CAST_MB_D_(30 m)_BACT_NUC-DNA(100L)_W0.22-3_TARA_B000000441	-35.2421	26.3048	30	30	TARA_065	BACT_NUC-DNA(100L)_W0.22-3	DNA	0.22-3	2010-07-11	2010-07-12	deep chlorophyll maximum layer (ENVO:xxxxxxxx)	"""saline water (ENVO:00002010), including plankton (ENVO:xxxxxxxx)"""	marine biome (ENVO:00000447)	deep chlorophyll maximum layer (ENVO:xxxxxxxx)			public	PRJEB7988;PRJEB6610	True
SAMEA2620929	SAMEA2620929;ERS490124	TARA_20100715T1222Z_066_EVENT_PUMP_P_S_(5 m)_BACT_NUC-DNA(100L)_W0.22-3_TARA_B000000475	-34.9449	17.9189	5	5	TARA_066	BACT_NUC-DNA(100L)_W0.22-3	DNA	0.22-3	2010-07-14	2010-07-15	surface water layer (ENVO:00002042)	"""saline water (ENVO:00002010), including plankton (ENVO:xxxxxxxx)"""	marine biome (ENVO:00000447)	surface water layer (ENVO:00002042)			public	PRJEB7988;PRJEB1787	True
SAMEA2620950	ERS490163;SAMEA2620950	TARA_20100715T1539Z_066_Combined-EVENTS_CAST_MB_D_(30 m)_BACT_NUC-DNA(100L)_W0.22-3_TARA_B000000477	-34.8901	18.0459	30	30	TARA_066	BACT_NUC-DNA(100L)_W0.22-3	DNA	0.22-3	2010-07-14	2010-07-15	deep chlorophyll maximum layer (ENVO:xxxxxxxx)	"""saline water (ENVO:00002010), including plankton (ENVO:xxxxxxxx)"""	marine biome (ENVO:00000447)	deep chlorophyll maximum layer (ENVO:xxxxxxxx)			public	PRJEB7988;PRJEB6610	True
SAMEA2620970	SAMEA2620970;ERS490183	TARA_20100907T0619Z_067_EVENT_PUMP_P_S_(5 m)_BACT_NUC-DNA(100L)_W0.22-3_TARA_B100000497	-32.2401	17.7103	5	5	TARA_067	BACT_NUC-DNA(100L)_W0.22-3	DNA	0.22-3	2010-09-06	2010-09-07	surface water layer (ENVO:00002042)	"""saline water (ENVO:00002010), including plankton (ENVO:xxxxxxxx)"""	marine biome (ENVO:00000447)	surface water layer (ENVO:00002042)			public	PRJEB7988;PRJEB1787	True
SAMEA2620995	SAMEA2620995;ERS490230	TARA_20100913T1303Z_068_Combined-EVENTS_CAST_MB_M_(700 m)_BACT_NUC-DNA(100L)_W0.22-3_TARA_B100000470	-31.0198	4.6685	700	700	TARA_068	BACT_NUC-DNA(100L)_W0.22-3	DNA	0.22-3	2010-09-12	2010-09-13	mesopelagic zone (ENVO:00000213)	"""saline water (ENVO:00002010), including plankton (ENVO:xxxxxxxx)"""	marine biome (ENVO:00000447)	mesopelagic zone (ENVO:00000213)			public	PRJEB7988;PRJEB6610	True
SAMEA2621013	SAMEA2621013;ERS490265	TARA_20100914T0655Z_068_EVENT_PUMP_P_S_(5 m)_BACT_NUC-DNA(100L)_W0.22-3_TARA_B100000475	-31.0266	4.665	5	5	TARA_068	BACT_NUC-DNA(100L)_W0.22-3	DNA	0.22-3	2010-09-13	2010-09-14	surface water layer (ENVO:00002042)	"""saline water (ENVO:00002010), including plankton (ENVO:xxxxxxxx)"""	marine biome (ENVO:00000447)	surface water layer (ENVO:00002042)			public	PRJEB7988;PRJEB6610	True
SAMEA2621037	ERS490296;SAMEA2621037	TARA_20100914T1330Z_068_EVENT_PUMP_P_D_(50 m)_BACT_NUC-DNA(100L)_W0.22-3_TARA_B100000482	-31.027	4.6802	50	50	TARA_068	BACT_NUC-DNA(100L)_W0.22-3	DNA	0.22-3	2010-09-13	2010-09-14	deep chlorophyll maximum layer (ENVO:xxxxxxxx)	"""saline water (ENVO:00002010), including plankton (ENVO:xxxxxxxx)"""	marine biome (ENVO:00000447)	deep chlorophyll maximum layer (ENVO:xxxxxxxx)			public	PRJEB7988;PRJEB6610	True
SAMEA2621066	ERS490327;SAMEA2621066	TARA_20100921T0655Z_070_EVENT_PUMP_P_S_(5 m)_BACT_NUC-DNA(100L)_W0.22-3_TARA_B100000459	-20.4091	-3.1759	5	5	TARA_070	BACT_NUC-DNA(100L)_W0.22-3	DNA	0.22-3	2010-09-20	2010-09-21	surface water layer (ENVO:00002042)	"""saline water (ENVO:00002010), including plankton (ENVO:xxxxxxxx)"""	marine biome (ENVO:00000447)	surface water layer (ENVO:00002042)			public	PRJEB7988;PRJEB6610	True
SAMEA2621092	SAMEA2621092;ERS490373	TARA_20100922T0637Z_070_Combined-EVENTS_CAST_MB_M_(800 m)_BACT_NUC-DNA(100L)_W0.22-3_TARA_B100000446	-20.4075	-3.1641	800	800	TARA_070	BACT_NUC-DNA(100L)_W0.22-3	DNA	0.22-3	2010-09-20	2010-09-22	mesopelagic zone (ENVO:00000213)	"""saline water (ENVO:00002010), including plankton (ENVO:xxxxxxxx)"""	marine biome (ENVO:00000447)	mesopelagic zone (ENVO:00000213)			public	PRJEB7988;PRJEB6610	True
SAMEA2621132	ERS490433;SAMEA2621132	TARA_20101005T0800Z_072_EVENT_PUMP_P_S_(5 m)_BACT_NUC-DNA(100L)_W0.22-3_TARA_B100000424	-8.7789	-17.9099	5	5	TARA_072	BACT_NUC-DNA(100L)_W0.22-3	DNA	0.22-3	2010-10-04	2010-10-05	surface water layer (ENVO:00002042)	"""saline water (ENVO:00002010), including plankton (ENVO:xxxxxxxx)"""	marine biome (ENVO:00000447)	surface water layer (ENVO:00002042)			public	PRJEB7988;PRJEB6610	True
SAMEA2621155	SAMEA2621155;ERS490476	TARA_20101005T1535Z_072_EVENT_PUMP_P_D_(100 m)_BACT_NUC-DNA(100L)_W0.22-3_TARA_B100000427	-8.7296	-17.9604	100	100	TARA_072	BACT_NUC-DNA(100L)_W0.22-3	DNA	0.22-3	2010-10-04	2010-10-05	deep chlorophyll maximum layer (ENVO:xxxxxxxx)	"""saline water (ENVO:00002010), including plankton (ENVO:xxxxxxxx)"""	marine biome (ENVO:00000447)	deep chlorophyll maximum layer (ENVO:xxxxxxxx)			public	PRJEB7988;PRJEB6610	True
SAMEA2621176	SAMEA2621176;ERS490507	TARA_20101006T0759Z_072_Combined-EVENTS_CAST_MB_M_(800 m)_BACT_NUC-DNA(100L)_W0.22-3_TARA_B100000508	-8.7986	-17.9034	800	800	TARA_072	BACT_NUC-DNA(100L)_W0.22-3	DNA	0.22-3	2010-10-05	2010-10-06	mesopelagic zone (ENVO:00000213)	"""saline water (ENVO:00002010), including plankton (ENVO:xxxxxxxx)"""	marine biome (ENVO:00000447)	mesopelagic zone (ENVO:00000213)			public	PRJEB7988;PRJEB6610	True
SAMEA2621198	SAMEA2621198;ERS490542	TARA_20101016T0955Z_076_EVENT_PUMP_P_S_(5 m)_BACT_NUC-RNA(10L-or-10min)_W0.22-3_TARA_B100000513	-20.9354	-35.1803	5	5	TARA_076	BACT_NUC-RNA(10L-or-10min)_W0.22-3	RNA	0.22-3	2010-10-15	2010-10-16	surface water layer (ENVO:00002042)	"""saline water (ENVO:00002010), including plankton (ENVO:xxxxxxxx)"""	marine biome (ENVO:00000447)	surface water layer (ENVO:00002042)			public	PRJEB7988;PRJEB6608	True
SAMEA2621216	ERS490597;SAMEA2621216	TARA_20101016T1700Z_076_Combined-EVENTS_CAST_MB_D_(150 m)_BACT_NUC-DNA(100L)_W0.22-3_TARA_B100000519	-21.0292	-35.3498	150	150	TARA_076	BACT_NUC-DNA(100L)_W0.22-3	DNA	0.22-3	2010-10-15	2010-10-16	deep chlorophyll maximum layer (ENVO:xxxxxxxx)	"""saline water (ENVO:00002010), including plankton (ENVO:xxxxxxxx)"""	marine biome (ENVO:00000447)	deep chlorophyll maximum layer (ENVO:xxxxxxxx)			public	PRJEB7988;PRJEB6610	True
SAMEA2621232	SAMEA2621232;ERS490633	TARA_20101017T0905Z_076_Combined-EVENTS_CAST_MB_M_(800 m)_BACT_NUC-DNA(100L)_W0.22-3_TARA_B100000749	-20.9315	-35.1794	800	800	TARA_076	BACT_NUC-DNA(100L)_W0.22-3	DNA	0.22-3	2010-10-16	2010-10-17	mesopelagic zone (ENVO:00000213)	"""saline water (ENVO:00002010), including plankton (ENVO:xxxxxxxx)"""	marine biome (ENVO:00000447)	mesopelagic zone (ENVO:00000213)			public	PRJEB7988;PRJEB6610	True
SAMEA2621254	SAMEA2621254;ERS490659	TARA_20101104T1004Z_078_EVENT_PUMP_P_S_(5 m)_BACT_NUC-RNA(10L-or-10min)_W0.22-3_TARA_B100000524	-30.1367	-43.2899	5	5	TARA_078	BACT_NUC-RNA(10L-or-10min)_W0.22-3	RNA	0.22-3	2010-11-04	2010-11-04	surface water layer (ENVO:00002042)	"""saline water (ENVO:00002010), including plankton (ENVO:xxxxxxxx)"""	marine biome (ENVO:00000447)	surface water layer (ENVO:00002042)			public	PRJEB7988;PRJEB6608	True
SAMEA2621272	SAMEA2621272;ERS490691	TARA_20101104T1816Z_078_Combined-EVENTS_CAST_MB_D_(120 m)_BACT_NUC-DNA(100L)_W0.22-3_TARA_B100000530	-30.1484	-43.2705	120	120	TARA_078	BACT_NUC-DNA(100L)_W0.22-3	DNA	0.22-3	2010-11-04	2010-11-04	deep chlorophyll maximum layer (ENVO:xxxxxxxx)	"""saline water (ENVO:00002010), including plankton (ENVO:xxxxxxxx)"""	marine biome (ENVO:00000447)	deep chlorophyll maximum layer (ENVO:xxxxxxxx)			public	PRJEB7988;PRJEB6610	True
SAMEA2621287	ERS490714;SAMEA2621287	TARA_20101105T1235Z_078_Combined-EVENTS_CAST_MB_M_(800 m)_BACT_NUC-DNA(100L)_W0.22-3_TARA_B100000745	-30.1471	-43.2915	800	800	TARA_078	BACT_NUC-DNA(100L)_W0.22-3	DNA	0.22-3	2010-11-05	2010-11-05	mesopelagic zone (ENVO:00000213)	"""saline water (ENVO:00002010), including plankton (ENVO:xxxxxxxx)"""	marine biome (ENVO:00000447)	mesopelagic zone (ENVO:00000213)			public	PRJEB7988;PRJEB6610	True
SAMEA2621401	SAMEA2621401;ERS490885	TARA_20101206T1033Z_082_EVENT_PUMP_P_S_(5 m)_BACT_NUC-RNA(10L-or-10min)_W0.22-3_TARA_B100000768	-47.1863	-58.2902	5	5	TARA_082	BACT_NUC-RNA(10L-or-10min)_W0.22-3	RNA	0.22-3	2010-12-06	2010-12-06	surface water layer (ENVO:00002042)	"""saline water (ENVO:00002010), including plankton (ENVO:xxxxxxxx)"""	marine biome (ENVO:00000447)	surface water layer (ENVO:00002042)			public	PRJEB7988;PRJEB6608	True
SAMEA2621423	ERS490928;SAMEA2621423	TARA_20101206T1858Z_082_EVENT_PUMP_P_D_(40 m)_BACT_NUC-RNA(10L-or-10min)_W0.22-3_TARA_B100000767	-47.2007	-57.9446	40	40	TARA_082	BACT_NUC-RNA(10L-or-10min)_W0.22-3	RNA	0.22-3	2010-12-06	2010-12-06	deep chlorophyll maximum layer (ENVO:xxxxxxxx)	"""saline water (ENVO:00002010), including plankton (ENVO:xxxxxxxx)"""	marine biome (ENVO:00000447)	deep chlorophyll maximum layer (ENVO:xxxxxxxx)			public	PRJEB7988;PRJEB6608	True
SAMEA2621487	ERS491001;SAMEA2621487	TARA_20110103T1105Z_084_EVENT_PUMP_P_S_(5 m)_BACT_NUC-RNA(10L-or-10min)_W0.22-3_TARA_B100000780	-60.2287	-60.6476	5	5	TARA_084	BACT_NUC-RNA(10L-or-10min)_W0.22-3	RNA	0.22-3	2011-01-03	2011-01-03	surface water layer (ENVO:00002042)	"""saline water (ENVO:00002010), including plankton (ENVO:xxxxxxxx)"""	marine biome (ENVO:00000447)	surface water layer (ENVO:00002042)			public	PRJEB7988;PRJEB6608	True
SAMEA2621509	SAMEA2621509;ERS491044	TARA_20110106T1038Z_085_EVENT_PUMP_P_S_(5 m)_BACT_NUC-RNA(10L-or-10min)_W0.22-3_TARA_B100000787	-62.0385	-49.529	5	5	TARA_085	BACT_NUC-RNA(10L-or-10min)_W0.22-3	RNA	0.22-3	2011-01-06	2011-01-06	surface water layer (ENVO:00002042)	"""saline water (ENVO:00002010), including plankton (ENVO:xxxxxxxx)"""	marine biome (ENVO:00000447)	surface water layer (ENVO:00002042)			public	PRJEB7988;PRJEB6608	True
SAMEA2621536	SAMEA2621536;ERS491095	TARA_20110106T1936Z_085_Combined-EVENTS_CAST_MB_D_(90 m)_BACT_NUC-RNA(10L-or-10min)_W0.22-3_TARA_B100000795	-62.2231	-49.2139	90	90	TARA_085	BACT_NUC-RNA(10L-or-10min)_W0.22-3	RNA	0.22-3	2011-01-06	2011-01-06	deep chlorophyll maximum layer (ENVO:xxxxxxxx)	"""saline water (ENVO:00002010), including plankton (ENVO:xxxxxxxx)"""	marine biome (ENVO:00000447)	deep chlorophyll maximum layer (ENVO:xxxxxxxx)			public	PRJEB7988;PRJEB6608	True
SAMEA2621551	ERS491110;SAMEA2621551	TARA_20110107T1041Z_085_Combined-EVENTS_CAST_MB_M_(790 m)_BACT_NUC-DNA(100L)_W0.22-3_TARA_B100000809	-61.9689	-49.5017	790	790	TARA_085	BACT_NUC-DNA(100L)_W0.22-3	DNA	0.22-3	2011-01-07	2011-01-07	mesopelagic zone (ENVO:00000213)	"""saline water (ENVO:00002010), including plankton (ENVO:xxxxxxxx)"""	marine biome (ENVO:00000447)	mesopelagic zone (ENVO:00000213)			public	PRJEB7988;PRJEB6610	True
SAMEA2621779	ERS491421;SAMEA2621779	TARA_20110312T1134Z_093_EVENT_PUMP_P_S_(5 m)_BACT_NUC-DNA(100L)_W0.22-3_TARA_B100001063	-34.0614	-73.1066	5	5	TARA_093	BACT_NUC-DNA(100L)_W0.22-3	DNA	0.22-3	2011-03-12	2011-03-12	surface water layer (ENVO:00002042)	"""saline water (ENVO:00002010), including plankton (ENVO:xxxxxxxx)"""	marine biome (ENVO:00000447)	surface water layer (ENVO:00002042)			public	PRJEB7988;PRJEB36282	True
SAMEA2621812	ERS491463;SAMEA2621812	TARA_20110312T1937Z_093_Combined-EVENTS_CAST_MB_D_(35 m)_BACT_NUC-DNA(100L)_W0.22-3_TARA_B100001059	-33.9116	-73.0537	35	35	TARA_093	BACT_NUC-DNA(100L)_W0.22-3	DNA	0.22-3	2011-03-12	2011-03-12	deep chlorophyll maximum layer (ENVO:xxxxxxxx)	"""saline water (ENVO:00002010), including plankton (ENVO:xxxxxxxx)"""	marine biome (ENVO:00000447)	deep chlorophyll maximum layer (ENVO:xxxxxxxx)			public	PRJEB7988;PRJEB1787	True
SAMEA2621839	ERS491492;SAMEA2621839	TARA_20110318T1157Z_094_EVENT_PUMP_P_S_(5 m)_BACT_NUC-DNA(100L)_W0.22-3_TARA_B100001057	-32.7971	-87.0693	5	5	TARA_094	BACT_NUC-DNA(100L)_W0.22-3	DNA	0.22-3	2011-03-18	2011-03-18	surface water layer (ENVO:00002042)	"""saline water (ENVO:00002010), including plankton (ENVO:xxxxxxxx)"""	marine biome (ENVO:00000447)	surface water layer (ENVO:00002042)			public	PRJEB7988;PRJEB1787	True
SAMEA2621859	SAMEA2621859;ERS491525	TARA_20110324T1300Z_096_EVENT_PUMP_P_S_(5 m)_BACT_NUC-DNA(100L)_W0.22-3_TARA_B100000989	-29.7238	-101.1604	5	5	TARA_096	BACT_NUC-DNA(100L)_W0.22-3	DNA	0.22-3	2011-03-24	2011-03-24	surface water layer (ENVO:00002042)	"""saline water (ENVO:00002010), including plankton (ENVO:xxxxxxxx)"""	marine biome (ENVO:00000447)	surface water layer (ENVO:00002042)			public	PRJEB7988;PRJEB36282	True
SAMEA2621990	SAMEA2621990;ERS491699	TARA_20110403T1344Z_098_EVENT_PUMP_P_S_(5 m)_BACT_NUC-DNA(100L)_W0.22-3_TARA_B100001027	-25.8051	-111.7202	5	5	TARA_098	BACT_NUC-DNA(100L)_W0.22-3	DNA	0.22-3	2011-04-02	2011-04-03	surface water layer (ENVO:00002042)	"""saline water (ENVO:00002010), including plankton (ENVO:xxxxxxxx)"""	marine biome (ENVO:00000447)	surface water layer (ENVO:00002042)			public	PRJEB7988;PRJEB6610	True
SAMEA2622021	SAMEA2622021;ERS491740	TARA_20110403T2150Z_098_Combined-EVENTS_CAST_MB_D_(188 m)_BACT_NUC-DNA(100L)_W0.22-3_TARA_B100001029	-25.826	-111.7294	188	188	TARA_098	BACT_NUC-DNA(100L)_W0.22-3	DNA	0.22-3	2011-04-02	2011-04-04	deep chlorophyll maximum layer (ENVO:xxxxxxxx)	"""saline water (ENVO:00002010), including plankton (ENVO:xxxxxxxx)"""	marine biome (ENVO:00000447)	deep chlorophyll maximum layer (ENVO:xxxxxxxx)			public	PRJEB7988;PRJEB6610	True
SAMEA2622048	SAMEA2622048;ERS491767	TARA_20110404T1359Z_098_Combined-EVENTS_CAST_MB_M_(488 m)_BACT_NUC-DNA(100L)_W0.22-3_TARA_B100001013	-25.8076	-111.6906	488	488	TARA_098	BACT_NUC-DNA(100L)_W0.22-3	DNA	0.22-3	2011-04-03	2011-04-04	mesopelagic zone (ENVO:00000213)	"""saline water (ENVO:00002010), including plankton (ENVO:xxxxxxxx)"""	marine biome (ENVO:00000447)	mesopelagic zone (ENVO:00000213)			public	PRJEB7988;PRJEB6610	True
SAMEA2622074	ERS491804;SAMEA2622074	TARA_20110409T1356Z_099_EVENT_PUMP_P_S_(5 m)_BACT_NUC-DNA(100L)_W0.22-3_TARA_B100000886	-21.146	-104.787	5	5	TARA_099	BACT_NUC-DNA(100L)_W0.22-3	DNA	0.22-3	2011-04-08	2011-04-09	surface water layer (ENVO:00002042)	"""saline water (ENVO:00002010), including plankton (ENVO:xxxxxxxx)"""	marine biome (ENVO:00000447)	surface water layer (ENVO:00002042)			public	PRJEB7988;PRJEB36282	True
SAMEA2622097	SAMEA2622097;ERS491836	TARA_20110415T1245Z_100_EVENT_PUMP_P_S_(5 m)_BACT_NUC-RNA(10L-or-10min)_W0.22-3_TARA_B100000963	-13.0023	-95.9759	5	5	TARA_100	BACT_NUC-RNA(10L-or-10min)_W0.22-3	RNA	0.22-3	2011-04-14	2011-04-15	surface water layer (ENVO:00002042)	"""saline water (ENVO:00002010), including plankton (ENVO:xxxxxxxx)"""	marine biome (ENVO:00000447)	surface water layer (ENVO:00002042)			public	PRJEB7988;PRJEB6608	True
SAMEA2622119	ERS491874;SAMEA2622119	TARA_20110415T1938Z_100_EVENT_PUMP_P_D_(50 m)_BACT_NUC-RNA(10L-or-10min)_W0.22-3_TARA_B100000965	-12.9723	-96.0122	50	50	TARA_100	BACT_NUC-RNA(10L-or-10min)_W0.22-3	RNA	0.22-3	2011-04-14	2011-04-15	deep chlorophyll maximum layer (ENVO:xxxxxxxx)	"""saline water (ENVO:00002010), including plankton (ENVO:xxxxxxxx)"""	marine biome (ENVO:00000447)	deep chlorophyll maximum layer (ENVO:xxxxxxxx)			public	PRJEB7988;PRJEB6608	True
SAMEA2622149	SAMEA2622149;ERS491913	TARA_20110416T1306Z_100_Combined-EVENTS_CAST_MB_M_(177 m)_BACT_NUC-RNA(10L-or-10min)_W0.22-3_TARA_B100000959	-12.9794	-96.0232	177	177	TARA_100	BACT_NUC-RNA(10L-or-10min)_W0.22-3	RNA	0.22-3	2011-04-15	2011-04-16	mesopelagic zone (ENVO:00000213) & marine oxygen minimum zone (ENVO:01000065)	"""saline water (ENVO:00002010), including plankton (ENVO:xxxxxxxx)"""	marine biome (ENVO:00000447)	mesopelagic zone (ENVO:00000213) & marine oxygen minimum zone (ENVO:01000065)			public	PRJEB7988;PRJEB6608	True
SAMEA2622173	SAMEA2622173;ERS491938	TARA_20110421T2007Z_102_EVENT_PUMP_P_S_(5 m)_BACT_NUC-RNA(10L-or-10min)_W0.22-3_TARA_B100000900	-5.2529	-85.1545	5	5	TARA_102	BACT_NUC-RNA(10L-or-10min)_W0.22-3	RNA	0.22-3	2011-04-20	2011-04-21	surface water layer (ENVO:00002042)	"""saline water (ENVO:00002010), including plankton (ENVO:xxxxxxxx)"""	marine biome (ENVO:00000447)	surface water layer (ENVO:00002042)			public	PRJEB7988;PRJEB6608	True
SAMEA2622197	SAMEA2622197;ERS491980	TARA_20110422T1210Z_102_Combined-EVENTS_CAST_MB_M_(480 m)_BACT_NUC-RNA(10L-or-10min)_W0.22-3_TARA_B100000953	-5.261	-85.1678	480	480	TARA_102	BACT_NUC-RNA(10L-or-10min)_W0.22-3	RNA	0.22-3	2011-04-21	2011-04-22	mesopelagic zone (ENVO:00000213) & marine oxygen minimum zone (ENVO:01000065)	"""saline water (ENVO:00002010), including plankton (ENVO:xxxxxxxx)"""	marine biome (ENVO:00000447)	mesopelagic zone (ENVO:00000213) & marine oxygen minimum zone (ENVO:01000065)			public	PRJEB7988;PRJEB6608	True
SAMEA2622219	SAMEA2622219;ERS492012	TARA_20110422T2113Z_102_EVENT_PUMP_P_D_(40 m)_BACT_NUC-RNA(10L-or-10min)_W0.22-3_TARA_B100000902	-5.2669	-85.2732	40	40	TARA_102	BACT_NUC-RNA(10L-or-10min)_W0.22-3	RNA	0.22-3	2011-04-21	2011-04-22	deep chlorophyll maximum layer (ENVO:xxxxxxxx)	"""saline water (ENVO:00002010), including plankton (ENVO:xxxxxxxx)"""	marine biome (ENVO:00000447)	deep chlorophyll maximum layer (ENVO:xxxxxxxx)			public	PRJEB7988;PRJEB6608	True
SAMEA2622316	SAMEA2622316;ERS492145	TARA_20110512T1400Z_109_EVENT_PUMP_P_S_(5 m)_BACT_NUC-RNA(10L-or-10min)_W0.22-3_TARA_B100000925	1.9928	-84.5766	5	5	TARA_109	BACT_NUC-RNA(10L-or-10min)_W0.22-3	RNA	0.22-3	2011-05-11	2011-05-12	surface water layer (ENVO:00002042)	"""saline water (ENVO:00002010), including plankton (ENVO:xxxxxxxx)"""	marine biome (ENVO:00000447)	surface water layer (ENVO:00002042)			public	PRJEB7988;PRJEB6608	True
SAMEA2622336	ERS492177;SAMEA2622336	TARA_20110512T2215Z_109_EVENT_PUMP_P_D_(30 m)_BACT_NUC-RNA(10L-or-10min)_W0.22-3_TARA_B100000927	2.0299	-84.5546	30	30	TARA_109	BACT_NUC-RNA(10L-or-10min)_W0.22-3	RNA	0.22-3	2011-05-11	2011-05-12	deep chlorophyll maximum layer (ENVO:xxxxxxxx)	"""saline water (ENVO:00002010), including plankton (ENVO:xxxxxxxx)"""	marine biome (ENVO:00000447)	deep chlorophyll maximum layer (ENVO:xxxxxxxx)			public	PRJEB7988;PRJEB6608	True
SAMEA2622362	SAMEA2622362;ERS492205	TARA_20110513T1617Z_109_Combined-EVENTS_CAST_MB_M_(380 m)_BACT_NUC-RNA(10L-or-10min)_W0.22-3_TARA_B100000929	2.0649	-84.5546	380	380	TARA_109	BACT_NUC-RNA(10L-or-10min)_W0.22-3	RNA	0.22-3	2011-05-12	2011-05-13	mesopelagic zone (ENVO:00000213)	"""saline water (ENVO:00002010), including plankton (ENVO:xxxxxxxx)"""	marine biome (ENVO:00000447)	mesopelagic zone (ENVO:00000213)			public	PRJEB7988;PRJEB6608	True
SAMEA2622376	ERS492228;SAMEA2622376	TARA_20110521T1227Z_110_EVENT_PUMP_P_S_(5 m)_BACT_NUC-DNA(100L)_W0.22-3_TARA_B100001109	-2.0133	-84.589	5	5	TARA_110	BACT_NUC-DNA(100L)_W0.22-3	DNA	0.22-3	2011-05-20	2011-05-21	surface water layer (ENVO:00002042)	"""saline water (ENVO:00002010), including plankton (ENVO:xxxxxxxx)"""	marine biome (ENVO:00000447)	surface water layer (ENVO:00002042)			public	PRJEB7988;PRJEB1787	True
SAMEA2622402	ERS492264;SAMEA2622402	TARA_20110521T2100Z_110_EVENT_PUMP_P_D_(50 m)_BACT_NUC-DNA(100L)_W0.22-3_TARA_B100001113	-1.9002	-84.6265	50	50	TARA_110	BACT_NUC-DNA(100L)_W0.22-3	DNA	0.22-3	2011-05-20	2011-05-21	deep chlorophyll maximum layer (ENVO:xxxxxxxx)	"""saline water (ENVO:00002010), including plankton (ENVO:xxxxxxxx)"""	marine biome (ENVO:00000447)	deep chlorophyll maximum layer (ENVO:xxxxxxxx)			public	PRJEB7988;PRJEB1787	True
SAMEA2622429	ERS492294;SAMEA2622429	TARA_20110522T1320Z_110_Combined-EVENTS_CAST_MB_M_(380 m)_BACT_NUC-DNA(100L)_W0.22-3_TARA_B100001079	-1.8902	-84.6141	380	380	TARA_110	BACT_NUC-DNA(100L)_W0.22-3	DNA	0.22-3	2011-05-21	2011-05-22	mesopelagic zone (ENVO:00000213)	"""saline water (ENVO:00002010), including plankton (ENVO:xxxxxxxx)"""	marine biome (ENVO:00000447)	mesopelagic zone (ENVO:00000213)			public	PRJEB7988;PRJEB6610	True
SAMEA2622452	ERS492321;SAMEA2622452	TARA_20110531T1425Z_111_EVENT_PUMP_P_S_(5 m)_BACT_NUC-RNA(10L-or-10min)_W0.22-3_TARA_B100000575	-16.9601	-100.6335	5	5	TARA_111	BACT_NUC-RNA(10L-or-10min)_W0.22-3	RNA	0.22-3	2011-05-30	2011-05-31	surface water layer (ENVO:00002042)	"""saline water (ENVO:00002010), including plankton (ENVO:xxxxxxxx)"""	marine biome (ENVO:00000447)	surface water layer (ENVO:00002042)			public	PRJEB7988;PRJEB6610	True
SAMEA2622478	ERS492357;SAMEA2622478	TARA_20110531T2030Z_111_Combined-EVENTS_CAST_MB_D_(90 m)_BACT_NUC-RNA(10L-or-10min)_W0.22-3_TARA_B100000579	-16.9587	-100.6751	90	90	TARA_111	BACT_NUC-RNA(10L-or-10min)_W0.22-3	RNA	0.22-3	2011-05-30	2011-05-31	deep chlorophyll maximum layer (ENVO:xxxxxxxx)	"""saline water (ENVO:00002010), including plankton (ENVO:xxxxxxxx)"""	marine biome (ENVO:00000447)	deep chlorophyll maximum layer (ENVO:xxxxxxxx)			public	PRJEB7988;PRJEB6610	True
SAMEA2622499	SAMEA2622499;ERS492381	TARA_20110601T1603Z_111_Combined-EVENTS_CAST_MB_M_(350 m)_BACT_NUC-DNA(100L)_W0.22-3_TARA_B100000586	-16.9486	-100.6715	350	350	TARA_111	BACT_NUC-DNA(100L)_W0.22-3	DNA	0.22-3	2011-05-31	2011-06-01	mesopelagic zone (ENVO:00000213)	"""saline water (ENVO:00002010), including plankton (ENVO:xxxxxxxx)"""	marine biome (ENVO:00000447)	mesopelagic zone (ENVO:00000213)			public	PRJEB7988;PRJEB6610	True
SAMEA2622518	ERS492408;SAMEA2622518	TARA_20110614T1645Z_112_EVENT_PUMP_P_S_(5 m)_BACT_NUC-DNA(100L)_W0.22-3_TARA_B100000941	-23.2811	-129.3947	5	5	TARA_112	BACT_NUC-DNA(100L)_W0.22-3	DNA	0.22-3	2011-06-13	2011-06-14	surface water layer (ENVO:00002042)	"""saline water (ENVO:00002010), including plankton (ENVO:xxxxxxxx)"""	marine biome (ENVO:00000447)	surface water layer (ENVO:00002042)			public	PRJEB7988;PRJEB36282	True
SAMEA2622545	ERS492445;SAMEA2622545	TARA_20110615T0059Z_112_Combined-EVENTS_CAST_MB_D_(155 m)_BACT_NUC-DNA(100L)_W0.22-3_TARA_B100000945	-23.2189	-129.4997	155	155	TARA_112	BACT_NUC-DNA(100L)_W0.22-3	DNA	0.22-3	2011-06-14	2011-06-15	deep chlorophyll maximum layer (ENVO:xxxxxxxx)	"""saline water (ENVO:00002010), including plankton (ENVO:xxxxxxxx)"""	marine biome (ENVO:00000447)	deep chlorophyll maximum layer (ENVO:xxxxxxxx)			public	PRJEB7988;PRJEB6610	True
SAMEA2622568	SAMEA2622568;ERS492471	TARA_20110615T1845Z_112_Combined-EVENTS_CAST_MB_M_(696 m)_BACT_NUC-DNA(100L)_W0.22-3_TARA_B100000949	-23.2232	-129.5986	696	696	TARA_112	BACT_NUC-DNA(100L)_W0.22-3	DNA	0.22-3	2011-06-14	2011-06-16	mesopelagic zone (ENVO:00000213)	"""saline water (ENVO:00002010), including plankton (ENVO:xxxxxxxx)"""	marine biome (ENVO:00000447)	mesopelagic zone (ENVO:00000213)			public	PRJEB7988;PRJEB6610	True
SAMEA2622652	SAMEA2622652;ERS492642	TARA_20110726T1710Z_122_EVENT_PUMP_P_S_(5 m)_BACT_NUC-RNA(10L-or-10min)_W0.22-3_TARA_B100001115	-8.9971	-139.1963	5	5	TARA_122	BACT_NUC-RNA(10L-or-10min)_W0.22-3	RNA	0.22-3	2011-07-25	2011-07-26	surface water layer (ENVO:00002042)	"""saline water (ENVO:00002010), including plankton (ENVO:xxxxxxxx)"""	marine biome (ENVO:00000447)	surface water layer (ENVO:00002042)			public	PRJEB7988;PRJEB36282	True
SAMEA2622673	ERS492680;SAMEA2622673	TARA_20110727T1932Z_122_Combined-EVENTS_CAST_MB_M_(600 m)_BACT_NUC-RNA(10L-or-10min)_W0.22-3_TARA_B100000678	-8.9729	-139.2393	600	600	TARA_122	BACT_NUC-RNA(10L-or-10min)_W0.22-3	RNA	0.22-3	2011-07-26	2011-07-28	mesopelagic zone (ENVO:00000213)	"""saline water (ENVO:00002010), including plankton (ENVO:xxxxxxxx)"""	marine biome (ENVO:00000447)	mesopelagic zone (ENVO:00000213)			public	PRJEB7988;PRJEB6608	True
SAMEA2622690	SAMEA2622690;ERS492699	TARA_20110728T1718Z_122_Combined-EVENTS_CAST_MB_D_(115 m)_BACT_NUC-RNA(10L-or-10min)_W0.22-3_TARA_B100000700	-9.0063	-139.1394	115	115	TARA_122	BACT_NUC-RNA(10L-or-10min)_W0.22-3	RNA	0.22-3	2011-07-27	2011-07-28	deep chlorophyll maximum layer (ENVO:xxxxxxxx)	"""saline water (ENVO:00002010), including plankton (ENVO:xxxxxxxx)"""	marine biome (ENVO:00000447)	deep chlorophyll maximum layer (ENVO:xxxxxxxx)			public	PRJEB7988;PRJEB6610	True
SAMEA2622710	ERS492733;SAMEA2622710	TARA_20110731T1720Z_123_EVENT_PUMP_P_S_(5 m)_BACT_NUC-RNA(10L-or-10min)_W0.22-3_TARA_B100000683	-8.9068	-140.283	5	5	TARA_123	BACT_NUC-RNA(10L-or-10min)_W0.22-3	RNA	0.22-3	2011-07-30	2011-07-31	surface water layer (ENVO:00002042)	"""saline water (ENVO:00002010), including plankton (ENVO:xxxxxxxx)"""	marine biome (ENVO:00000447)	surface water layer (ENVO:00002042)			public	PRJEB7988;PRJEB6610	True
SAMEA2622733	ERS492778;SAMEA2622733	TARA_20110801T1755Z_123_Combined-EVENTS_CAST_MB_X_(150 m)_BACT_NUC-RNA(10L-or-10min)_W0.22-3_TARA_B100000686	-8.9109	-140.2845	150	150	TARA_123	BACT_NUC-RNA(10L-or-10min)_W0.22-3	RNA	0.22-3	2011-07-31	2011-08-02	marine epipelagic mixed layer (ENVO:xxxxxxxxx)	"""saline water (ENVO:00002010), including plankton (ENVO:xxxxxxxx)"""	marine biome (ENVO:00000447)	marine epipelagic mixed layer (ENVO:xxxxxxxxx)			public	PRJEB7988;PRJEB6608	True
SAMEA2622759	ERS492814;SAMEA2622759	TARA_20110804T1833Z_124_EVENT_PUMP_P_S_(5 m)_BACT_NUC-RNA(10L-or-10min)_W0.22-3_TARA_B100000674	-9.1504	-140.5216	5	5	TARA_124	BACT_NUC-RNA(10L-or-10min)_W0.22-3	RNA	0.22-3	2011-08-03	2011-08-04	surface water layer (ENVO:00002042)	"""saline water (ENVO:00002010), including plankton (ENVO:xxxxxxxx)"""	marine biome (ENVO:00000447)	surface water layer (ENVO:00002042)			public	PRJEB7988;PRJEB6608	True
SAMEA2622796	ERS492863;SAMEA2622796	TARA_20110805T1733Z_124_Combined-EVENTS_CAST_MB_X_(120 m)_BACT_NUC-RNA(10L-or-10min)_W0.22-3_TARA_B100000676	-9.0714	-140.5973	120	120	TARA_124	BACT_NUC-RNA(10L-or-10min)_W0.22-3	RNA	0.22-3	2011-08-04	2011-08-05	marine epipelagic mixed layer (ENVO:xxxxxxxxx)	"""saline water (ENVO:00002010), including plankton (ENVO:xxxxxxxx)"""	marine biome (ENVO:00000447)	marine epipelagic mixed layer (ENVO:xxxxxxxxx)			public	PRJEB7988;PRJEB6608	True
SAMEA2622817	SAMEA2622817;ERS492888	TARA_20110808T1733Z_125_EVENT_PUMP_P_S_(5 m)_BACT_NUC-RNA(10L-or-10min)_W0.22-3_TARA_B100001121	-8.9111	-142.5571	5	5	TARA_125	BACT_NUC-RNA(10L-or-10min)_W0.22-3	RNA	0.22-3	2011-08-07	2011-08-08	surface water layer (ENVO:00002042)	"""saline water (ENVO:00002010), including plankton (ENVO:xxxxxxxx)"""	marine biome (ENVO:00000447)	surface water layer (ENVO:00002042)			public	PRJEB7988;PRJEB6608	True
SAMEA2622837	ERS492926;SAMEA2622837	TARA_20110809T1708Z_125_Combined-EVENTS_CAST_MB_X_(140 m)_BACT_NUC-RNA(10L-or-10min)_W0.22-3_TARA_B100001123	-8.8999	-142.5461	140	140	TARA_125	BACT_NUC-RNA(10L-or-10min)_W0.22-3	RNA	0.22-3	2011-08-08	2011-08-09	marine epipelagic mixed layer (ENVO:xxxxxxxxx)	"""saline water (ENVO:00002010), including plankton (ENVO:xxxxxxxx)"""	marine biome (ENVO:00000447)	marine epipelagic mixed layer (ENVO:xxxxxxxxx)			public	PRJEB7988;PRJEB6610	True
SAMEA2622901	ERS493044;SAMEA2622901	TARA_20110904T1800Z_128_EVENT_PUMP_P_S_(5 m)_BACT_NUC-DNA(100L)_W0.22-3_TARA_B100000609	0.0003	-153.6759	5	5	TARA_128	BACT_NUC-DNA(100L)_W0.22-3	DNA	0.22-3	2011-09-03	2011-09-04	surface water layer (ENVO:00002042)	"""saline water (ENVO:00002010), including plankton (ENVO:xxxxxxxx)"""	marine biome (ENVO:00000447)	surface water layer (ENVO:00002042)			public	PRJEB7988;PRJEB36282	True
SAMEA2622923	SAMEA2622923;ERS493098	TARA_20110905T1840Z_128_EVENT_PUMP_P_D_(40 m)_BACT_NUC-DNA(100L)_W0.22-3_TARA_B100000614	0.0222	-153.6858	40	40	TARA_128	BACT_NUC-DNA(100L)_W0.22-3	DNA	0.22-3	2011-09-04	2011-09-05	deep chlorophyll maximum layer (ENVO:xxxxxxxx)	"""saline water (ENVO:00002010), including plankton (ENVO:xxxxxxxx)"""	marine biome (ENVO:00000447)	deep chlorophyll maximum layer (ENVO:xxxxxxxx)			public	PRJEB7988;PRJEB1787	True
SAMEA2623059	ERS493300;SAMEA2623059	TARA_20111004T1746Z_132_EVENT_PUMP_P_S_(5 m)_BACT_NUC-DNA(100L)_W0.22-3_TARA_B100001248	31.5213	-158.9958	5	5	TARA_132	BACT_NUC-DNA(100L)_W0.22-3	DNA	0.22-3	2011-10-03	2011-10-04	surface water layer (ENVO:00002042)	"""saline water (ENVO:00002010), including plankton (ENVO:xxxxxxxx)"""	marine biome (ENVO:00000447)	surface water layer (ENVO:00002042)			public	PRJEB7988;PRJEB6610	True
SAMEA2623079	ERS493340;SAMEA2623079	TARA_20111005T0101Z_132_Combined-EVENTS_CAST_MB_D_(115 m)_BACT_NUC-DNA(100L)_W0.22-3_TARA_B100001250	31.5168	-159.046	115	115	TARA_132	BACT_NUC-DNA(100L)_W0.22-3	DNA	0.22-3	2011-10-04	2011-10-05	deep chlorophyll maximum layer (ENVO:xxxxxxxx)	"""saline water (ENVO:00002010), including plankton (ENVO:xxxxxxxx)"""	marine biome (ENVO:00000447)	deep chlorophyll maximum layer (ENVO:xxxxxxxx)			public	PRJEB7988;PRJEB6610	True
SAMEA2623098	SAMEA2623098;ERS493372	TARA_20111005T2047Z_132_Combined-EVENTS_CAST_MB_M_(550 m)_BACT_NUC-DNA(100L)_W0.22-3_TARA_B100001245	31.528	-159.0224	550	550	TARA_132	BACT_NUC-DNA(100L)_W0.22-3	DNA	0.22-3	2011-10-04	2011-10-06	mesopelagic zone (ENVO:00000213)	"""saline water (ENVO:00002010), including plankton (ENVO:xxxxxxxx)"""	marine biome (ENVO:00000447)	mesopelagic zone (ENVO:00000213)			public	PRJEB7988;PRJEB6610	True
SAMEA2623116	SAMEA2623116;ERS493390	TARA_20111018T1535Z_133_EVENT_PUMP_P_S_(5 m)_BACT_NUC-DNA(100L)_W0.22-3_TARA_B100001093	35.3671	-127.7422	5	5	TARA_133	BACT_NUC-DNA(100L)_W0.22-3	DNA	0.22-3	2011-10-17	2011-10-18	surface water layer (ENVO:00002042)	"""saline water (ENVO:00002010), including plankton (ENVO:xxxxxxxx)"""	marine biome (ENVO:00000447)	surface water layer (ENVO:00002042)			public	PRJEB7988;PRJEB36282	True
SAMEA2623135	SAMEA2623135;ERS493431	TARA_20111019T0009Z_133_EVENT_PUMP_P_D_(45 m)_BACT_NUC-DNA(100L)_W0.22-3_TARA_B100001094	35.4002	-127.7499	45	45	TARA_133	BACT_NUC-DNA(100L)_W0.22-3	DNA	0.22-3	2011-10-18	2011-10-19	deep chlorophyll maximum layer (ENVO:xxxxxxxx)	"""saline water (ENVO:00002010), including plankton (ENVO:xxxxxxxx)"""	marine biome (ENVO:00000447)	deep chlorophyll maximum layer (ENVO:xxxxxxxx)			public	PRJEB7988;PRJEB1787	True
SAMEA2623155	ERS493460;SAMEA2623155	TARA_20111019T1928Z_133_Combined-EVENTS_CAST_MB_M_(650 m)_BACT_NUC-DNA(100L)_W0.22-3_TARA_B100001105	35.2698	-127.7268	650	650	TARA_133	BACT_NUC-DNA(100L)_W0.22-3	DNA	0.22-3	2011-10-18	2011-10-20	mesopelagic zone (ENVO:00000213)	"""saline water (ENVO:00002010), including plankton (ENVO:xxxxxxxx)"""	marine biome (ENVO:00000447)	mesopelagic zone (ENVO:00000213)			public	PRJEB7988;PRJEB6610	True
SAMEA2623275	ERS493636;SAMEA2623275	TARA_20111202T1412Z_137_EVENT_PUMP_P_S_(5 m)_BACT_NUC-RNA(10L-or-10min)_W0.22-3_TARA_B100001287	14.2035	-116.6261	5	5	TARA_137	BACT_NUC-RNA(10L-or-10min)_W0.22-3	RNA	0.22-3	2011-12-02	2011-12-02	surface water layer (ENVO:00002042)	"""saline water (ENVO:00002010), including plankton (ENVO:xxxxxxxx)"""	marine biome (ENVO:00000447)	surface water layer (ENVO:00002042)			public	PRJEB7988;PRJEB6608	True
SAMEA2623295	ERS493670;SAMEA2623295	TARA_20111202T2042Z_137_EVENT_PUMP_MB_D_(40 m)_BACT_NUC-RNA(10L-or-10min)_W0.22-3_TARA_B100001964	14.2075	-116.6468	40	40	TARA_137	BACT_NUC-RNA(10L-or-10min)_W0.22-3	RNA	0.22-3	2011-12-02	2011-12-02	deep chlorophyll maximum layer (ENVO:xxxxxxxx)	"""saline water (ENVO:00002010), including plankton (ENVO:xxxxxxxx)"""	marine biome (ENVO:00000447)	deep chlorophyll maximum layer (ENVO:xxxxxxxx)			public	PRJEB7988;PRJEB6608	True
SAMEA2623314	SAMEA2623314;ERS493705	TARA_20111203T1433Z_137_Combined-EVENTS_CAST_MB_M_(375 m)_BACT_NUC-RNA(10L-or-10min)_W0.22-3_TARA_B100001971	14.2025	-116.6433	375	375	TARA_137	BACT_NUC-RNA(10L-or-10min)_W0.22-3	RNA	0.22-3	2011-12-03	2011-12-03	mesopelagic zone (ENVO:00000213)	"""saline water (ENVO:00002010), including plankton (ENVO:xxxxxxxx)"""	marine biome (ENVO:00000447)	mesopelagic zone (ENVO:00000213)			public	PRJEB7988;PRJEB6608	True
SAMEA2623350	SAMEA2623350;ERS493752	TARA_20111210T1408Z_138_EVENT_PUMP_P_S_(5 m)_BACT_NUC-RNA(10L-or-10min)_W0.22-3_TARA_B100001989	6.3332	-102.9432	5	5	TARA_138	BACT_NUC-RNA(10L-or-10min)_W0.22-3	RNA	0.22-3	2011-12-10	2011-12-10	surface water layer (ENVO:00002042)	"""saline water (ENVO:00002010), including plankton (ENVO:xxxxxxxx)"""	marine biome (ENVO:00000447)	surface water layer (ENVO:00002042)			public	PRJEB7988;PRJEB6610	True
SAMEA2623370	ERS493788;SAMEA2623370	TARA_20111211T1332Z_138_Combined-EVENTS_CAST_MB_D_(60 m)_BACT_NUC-RNA(10L-or-10min)_W0.22-3_TARA_B100001996	6.3378	-102.9538	60	60	TARA_138	BACT_NUC-RNA(10L-or-10min)_W0.22-3	RNA	0.22-3	2011-12-11	2011-12-11	deep chlorophyll maximum layer (ENVO:xxxxxxxx)	"""saline water (ENVO:00002010), including plankton (ENVO:xxxxxxxx)"""	marine biome (ENVO:00000447)	deep chlorophyll maximum layer (ENVO:xxxxxxxx)			public	PRJEB7988;PRJEB6608	True
SAMEA2623390	SAMEA2623390;ERS493822	TARA_20111211T2040Z_138_Combined-EVENTS_CAST_MB_M_(450 m)_BACT_NUC-RNA(10L-or-10min)_W0.22-3_TARA_B100002003	6.3559	-103.0598	450	450	TARA_138	BACT_NUC-RNA(10L-or-10min)_W0.22-3	RNA	0.22-3	2011-12-11	2011-12-12	mesopelagic zone (ENVO:00000213)	"""saline water (ENVO:00002010), including plankton (ENVO:xxxxxxxx)"""	marine biome (ENVO:00000447)	mesopelagic zone (ENVO:00000213)			public	PRJEB7988;PRJEB6608	True
SAMEA2623426	SAMEA2623426;ERS493877	TARA_20111221T1620Z_140_EVENT_PUMP_P_S_(5 m)_BACT_NUC-DNA(100L)_W0.22-3_TARA_B100002019	7.4122	-79.3017	5	5	TARA_140	BACT_NUC-DNA(100L)_W0.22-3	DNA	0.22-3	2011-12-21	2011-12-21	surface water layer (ENVO:00002042)	"""saline water (ENVO:00002010), including plankton (ENVO:xxxxxxxx)"""	marine biome (ENVO:00000447)	surface water layer (ENVO:00002042)			public	PRJEB7988;PRJEB36282	True
SAMEA2623446	SAMEA2623446;ERS493914	TARA_20111230T1335Z_141_EVENT_PUMP_P_S_(5 m)_BACT_NUC-DNA(100L)_W0.22-3_TARA_B100001939	9.8481	-80.0454	5	5	TARA_141	BACT_NUC-DNA(100L)_W0.22-3	DNA	0.22-3	2011-12-30	2011-12-30	surface water layer (ENVO:00002042)	"""saline water (ENVO:00002010), including plankton (ENVO:xxxxxxxx)"""	marine biome (ENVO:00000447)	surface water layer (ENVO:00002042)			public	PRJEB7988;PRJEB6610	True
SAMEA2623463	ERS493938;SAMEA2623463	TARA_20120109T1341Z_142_EVENT_PUMP_P_S_(5 m)_BACT_NUC-DNA(100L)_W0.22-3_TARA_B100002051	25.5264	-88.394	5	5	TARA_142	BACT_NUC-DNA(100L)_W0.22-3	DNA	0.22-3	2012-01-09	2012-01-09	surface water layer (ENVO:00002042)	"""saline water (ENVO:00002010), including plankton (ENVO:xxxxxxxx)"""	marine biome (ENVO:00000447)	surface water layer (ENVO:00002042)			public	PRJEB7988;PRJEB36282	True
SAMEA2623488	SAMEA2623488;ERS493981	TARA_20120109T2019Z_142_Combined-EVENTS_CAST_MB_D_(125 m)_BACT_NUC-DNA(100L)_W0.22-3_TARA_B100002052	25.6168	-88.4532	125	125	TARA_142	BACT_NUC-DNA(100L)_W0.22-3	DNA	0.22-3	2012-01-09	2012-01-09	deep chlorophyll maximum layer (ENVO:xxxxxxxx)	"""saline water (ENVO:00002010), including plankton (ENVO:xxxxxxxx)"""	marine biome (ENVO:00000447)	deep chlorophyll maximum layer (ENVO:xxxxxxxx)			public	PRJEB7988;PRJEB6610	True
SAMEA2623513	SAMEA2623513;ERS494006	TARA_20120110T1451Z_142_Combined-EVENTS_CAST_MB_M_(640 m)_BACT_NUC-DNA(100L)_W0.22-3_TARA_B100002049	25.6236	-88.45	640	640	TARA_142	BACT_NUC-DNA(100L)_W0.22-3	DNA	0.22-3	2012-01-10	2012-01-10	mesopelagic zone (ENVO:00000213)	"""saline water (ENVO:00002010), including plankton (ENVO:xxxxxxxx)"""	marine biome (ENVO:00000447)	mesopelagic zone (ENVO:00000213)			public	PRJEB7988;PRJEB6610	True
SAMEA2623627	ERS494170;SAMEA2623627	TARA_20120202T1152Z_145_EVENT_PUMP_P_S_(5 m)_BACT_NUC-DNA(100L)_W0.22-3_TARA_B100001142	39.2305	-70.0377	5	5	TARA_145	BACT_NUC-DNA(100L)_W0.22-3	DNA	0.22-3	2012-02-02	2012-02-02	surface water layer (ENVO:00002042)	"""saline water (ENVO:00002010), including plankton (ENVO:xxxxxxxx)"""	marine biome (ENVO:00000447)	surface water layer (ENVO:00002042)			public	PRJEB7988;PRJEB6610	True
SAMEA2623649	ERS494208;SAMEA2623649	TARA_20120202T1839Z_145_Combined-EVENTS_CAST_MB_M_(590 m)_BACT_NUC-DNA(100L)_W0.22-3_TARA_B100001146	39.2392	-70.0343	590	590	TARA_145	BACT_NUC-DNA(100L)_W0.22-3	DNA	0.22-3	2012-02-02	2012-02-04	mesopelagic zone (ENVO:00000213) & marine oxygen minimum zone (ENVO:01000065)	"""saline water (ENVO:00002010), including plankton (ENVO:xxxxxxxx)"""	marine biome (ENVO:00000447)	mesopelagic zone (ENVO:00000213) & marine oxygen minimum zone (ENVO:01000065)			public	PRJEB7988;PRJEB6610	True
SAMEA2623673	SAMEA2623673;ERS494236	TARA_20120215T1254Z_146_EVENT_PUMP_P_S_(5 m)_BACT_NUC-DNA(100L)_W0.22-3_TARA_B100001540	34.6712	-71.3093	5	5	TARA_146	BACT_NUC-DNA(100L)_W0.22-3	DNA	0.22-3	2012-02-15	2012-02-15	surface water layer (ENVO:00002042)	"""saline water (ENVO:00002010), including plankton (ENVO:xxxxxxxx)"""	marine biome (ENVO:00000447)	surface water layer (ENVO:00002042)			public	PRJEB7988;PRJEB6610	True
SAMEA2623693	SAMEA2623693;ERS494274	TARA_20120216T1208Z_146_Combined-EVENTS_CAST_MB_M_(640 m)_BACT_NUC-DNA(100L)_W0.22-3_TARA_B100001167	34.6663	-71.2907	640	640	TARA_146	BACT_NUC-DNA(100L)_W0.22-3	DNA	0.22-3	2012-02-16	2012-02-16	mesopelagic zone (ENVO:00000213)	"""saline water (ENVO:00002010), including plankton (ENVO:xxxxxxxx)"""	marine biome (ENVO:00000447)	mesopelagic zone (ENVO:00000213)			public	PRJEB7988;PRJEB6610	True
SAMEA2623734	ERS494332;SAMEA2623734	TARA_20120224T1140Z_148_EVENT_PUMP_P_S_(5 m)_BACT_NUC-RNA(10L-or-10min)_W0.22-3_TARA_B100001741	31.6948	-64.2489	5	5	TARA_148	BACT_NUC-RNA(10L-or-10min)_W0.22-3	RNA	0.22-3	2012-02-24	2012-02-24	surface water layer (ENVO:00002042)	"""saline water (ENVO:00002010), including plankton (ENVO:xxxxxxxx)"""	marine biome (ENVO:00000447)	surface water layer (ENVO:00002042)			public	PRJEB7988;PRJEB6608	True
SAMEA2623756	ERS494374;SAMEA2623756	TARA_20120227T1532Z_148b_Combined-EVENTS_CAST_MB_M_(250 m)_BACT_NUC-RNA(10L-or-10min)_W0.22-3_TARA_B100001750	34.1504	-56.9684	250	250	TARA_148b	BACT_NUC-RNA(10L-or-10min)_W0.22-3	RNA	0.22-3	2012-02-27	2012-02-27	mesopelagic zone (ENVO:00000213)	"""saline water (ENVO:00002010), including plankton (ENVO:xxxxxxxx)"""	marine biome (ENVO:00000447)	mesopelagic zone (ENVO:00000213)			public	PRJEB7988;PRJEB6610	True
SAMEA2623774	ERS494394;SAMEA2623774	TARA_20120301T1048Z_149_EVENT_PUMP_P_S_(5 m)_BACT_NUC-RNA(10L-or-10min)_W0.22-3_TARA_B100001758	34.1132	-49.9181	5	5	TARA_149	BACT_NUC-RNA(10L-or-10min)_W0.22-3	RNA	0.22-3	2012-03-01	2012-03-01	surface water layer (ENVO:00002042)	"""saline water (ENVO:00002010), including plankton (ENVO:xxxxxxxx)"""	marine biome (ENVO:00000447)	surface water layer (ENVO:00002042)			public	PRJEB7988;PRJEB36282	True
SAMEA2623794	SAMEA2623794;ERS494431	TARA_20120301T1853Z_149_Combined-EVENTS_CAST_MB_M_(740 m)_BACT_NUC-RNA(10L-or-10min)_W0.22-3_TARA_B100001765	34.0771	-49.8233	740	740	TARA_149	BACT_NUC-RNA(10L-or-10min)_W0.22-3	RNA	0.22-3	2012-03-01	2012-03-01	mesopelagic zone (ENVO:00000213)	"""saline water (ENVO:00002010), including plankton (ENVO:xxxxxxxx)"""	marine biome (ENVO:00000447)	mesopelagic zone (ENVO:00000213)			public	PRJEB7988;PRJEB6610	True
SAMEA2623808	ERS494445;SAMEA2623808	TARA_20120305T0925Z_150_EVENT_PUMP_P_S_(5 m)_BACT_NUC-RNA(10L-or-10min)_W0.22-3_TARA_B100001769	35.9346	-37.3032	5	5	TARA_150	BACT_NUC-RNA(10L-or-10min)_W0.22-3	RNA	0.22-3	2012-03-05	2012-03-05	surface water layer (ENVO:00002042)	"""saline water (ENVO:00002010), including plankton (ENVO:xxxxxxxx)"""	marine biome (ENVO:00000447)	surface water layer (ENVO:00002042)			public	PRJEB7988;PRJEB36282	True
SAMEA2623826	SAMEA2623826;ERS494488	TARA_20120305T1734Z_150_EVENT_PUMP_P_D_(40 m)_BACT_NUC-DNA(100L)_W0.22-3_TARA_B100001778	35.8427	-37.1526	40	40	TARA_150	BACT_NUC-DNA(100L)_W0.22-3	DNA	0.22-3	2012-03-05	2012-03-05	deep chlorophyll maximum layer (ENVO:xxxxxxxx)	"""saline water (ENVO:00002010), including plankton (ENVO:xxxxxxxx)"""	marine biome (ENVO:00000447)	deep chlorophyll maximum layer (ENVO:xxxxxxxx)			public	PRJEB7988;PRJEB1787	True
SAMEA2623850	ERS494518;SAMEA2623850	TARA_20120309T0859Z_151_EVENT_PUMP_P_S_(5 m)_BACT_NUC-RNA(10L-or-10min)_W0.22-3_TARA_B100001564	36.1715	-29.023	5	5	TARA_151	BACT_NUC-RNA(10L-or-10min)_W0.22-3	RNA	0.22-3	2012-03-09	2012-03-09	surface water layer (ENVO:00002042)	"""saline water (ENVO:00002010), including plankton (ENVO:xxxxxxxx)"""	marine biome (ENVO:00000447)	surface water layer (ENVO:00002042)			public	PRJEB7988;PRJEB6608	True
SAMEA2623868	SAMEA2623868;ERS494559	TARA_20120309T1745Z_151_Combined-EVENTS_CAST_MB_D_(80 m)_BACT_NUC-DNA(100L)_W0.22-3_TARA_B100001559	36.1811	-28.9373	80	80	TARA_151	BACT_NUC-DNA(100L)_W0.22-3	DNA	0.22-3	2012-03-09	2012-03-09	deep chlorophyll maximum layer (ENVO:xxxxxxxx)	"""saline water (ENVO:00002010), including plankton (ENVO:xxxxxxxx)"""	marine biome (ENVO:00000447)	deep chlorophyll maximum layer (ENVO:xxxxxxxx)			public	PRJEB7988;PRJEB6610	True
SAMEA2623886	ERS494579;SAMEA2623886	TARA_20120319T0818Z_152_EVENT_PUMP_P_S_(5 m)_BACT_NUC-DNA(100L)_W0.22-3_TARA_B100001173	43.6792	-16.8344	5	5	TARA_152	BACT_NUC-DNA(100L)_W0.22-3	DNA	0.22-3	2012-03-19	2012-03-19	surface water layer (ENVO:00002042)	"""saline water (ENVO:00002010), including plankton (ENVO:xxxxxxxx)"""	marine biome (ENVO:00000447)	surface water layer (ENVO:00002042)			public	PRJEB7988;PRJEB36282	True
SAMEA2623907	ERS494616;SAMEA2623907	TARA_20120319T1502Z_152_Combined-EVENTS_CAST_MB_M_(800 m)_BACT_NUC-DNA(100L)_W0.22-3_TARA_B100001179	43.7182	-16.8714	800	800	TARA_152	BACT_NUC-DNA(100L)_W0.22-3	DNA	0.22-3	2012-03-19	2012-03-19	mesopelagic zone (ENVO:00000213)	"""saline water (ENVO:00002010), including plankton (ENVO:xxxxxxxx)"""	marine biome (ENVO:00000447)	mesopelagic zone (ENVO:00000213)			public	PRJEB7988;PRJEB6610	True
SAMEA2623919	SAMEA2623919;ERS494628	TARA_20120319T1848Z_152_EVENT_CAST_B2-B10_I_(5-160 m)_BACT_NUC-DNA(100L)_W0.22-3_TARA_B100002029	43.7684	-16.9047	5-160		TARA_152	BACT_NUC-DNA(100L)_W0.22-3	DNA	0.22-3	2012-03-19	2012-03-19	water layer with no specific feature	"""saline water (ENVO:00002010), including plankton (ENVO:xxxxxxxx)"""	marine biome (ENVO:00000447)	water layer with no specific feature			public	PRJEB7988;PRJEB6610	True
