SampleID	1 peptide · 1% FDR	1 peptide · 5% FDR	2 peptides · 1% FDR	2 peptides · 5% FDR
PSMA2644	1830.0	2233	664	771
PSM7J13A	1022.0	1357	319	361
PSM7J12D	163.0	267	30	32
MSMA26EH	368.0	628	113	132
MSMA26AL	598.0	850	202	236
MSM79HB4	862.0	1173	318	352
HSM6XRQ8	2045.0	2416	715	791
CSMAHYLR	707.0	968	241	274
CSM9X1XW	658.0	917	230	265
MSM9VZFR	2115.0	2544	874	962
MSM9VZFJ	1892.0	2315	656	785
MSM9VZKE	2376.0	2834	897	1008
HSM7CZ2V	317.0	538	72	104
CSM79HMZ	1299.0	1647	449	512
CSM79HPM	1201.0	1532	372	434
HSM7CZ3G	1521.0	1951	495	619
HSM7J4MK	2032.0	2403	726	848
MSM6J2NA	2505.0	2920	864	988
CSM79HI7	521.0	778	148	200
HSM7J4J5	1083.0	1383	409	462
CSM7KOJE	548.0	807	139	206
MSM6J2JF	1039.0	1319	443	486
HSM6XRTM	500.0	728	150	184
CSM79HQZ	2363.0	2757	1047	1163
CSM79HJS	911.0	1257	265	334
HSM6XRTS	1177.0	1535	380	485
CSM79HHW	1806.0	2164	630	708
CSM79HJM	1373.0	1696	481	572
MSM79HBT	241.0	428	53	76
MSM79HBN	261.0	460	33	53
CSM67UH7	2365.0	2743	842	936
PSM7J1AW	803.0	1116	185	263
HSMA33JN	1979.0	2369	693	797
MSM6J2LT	2379.0	2890	932	1102
HSM7J4IC	374.0	616	63	112
HSM7J4OZ	1252.0	1581	458	539
PSM6XBS6	160.0	272	29	45
CSM7KOL4	1224.0	1631	341	449
PSMA265J	1083.0	1450	328	411
CSM79HOZ	1926.0	2341	688	796
CSM79HOD	2124.0	2648	700	864
MSM9VZHR	2397.0	2851	1005	1133
MSM79H9O	875.0	1251	191	270
HSM7J4G1	844.0	1188	241	307
HSM5MD7H	392.0	648	97	127
HSM5MD79	1386.0	1817	430	502
MSM79H5K	978.0	1414	219	322
CSM79HLW	2447.0	2875	1071	1182
PSMA265V	1134.0	1472	411	490
CSM5MCVV	913.0	1190	327	383
CSM5FZ4C	614.0	874	187	247
CSM5FZ3N	902.0	1188	335	378
MSM6J2H9	1439.0	1832	488	581
PSMA265N	81.0	137	23	24
CSM79HLK	248.0	419	53	81
CSM7KONC	2146.0	2535	823	899
HSM7J4LN	501.0	705	165	191
MSM6J2HF	1136.0	1417	437	470
PSM7J1BN	145.0	326	32	43
PSM7J195	424.0	618	142	168
PSM7J12J	644.0	917	201	239
MSM5LLFG	1528.0	1905	531	629
MSM5LLGR	2071.0	2519	723	849
MSM6J2IG	2338.0	2787	830	945
CSM79HIN	3104.0	3568	1207	1346
MSM79H7Q	971.0	1318	291	361
CSM79HOL	1359.0	1692	467	548
CSM79HGH	1526.0	1900	496	580
CSM7KOMX	1978.0	2367	788	911
MSM79H7Y	2617.0	3068	975	1087
HSM7CYXC	847.0	1131	290	331
MSM79H6F	2285.0	2781	658	775
MSM79H6N	2464.0	2919	884	1008
CSM79HK1	1337.0	1647	593	664
CSM79HK5	758.0	1032	302	353
HSMA33O1	760.0	1003	283	319
PSM7J136	3179.0	3594	1454	1571
MSM6J2JR	1903.0	2268	787	855
HSM7J4NE	402.0	627	123	147
MSM9VZJL	219.0	391	30	50
MSM9VZM6	1798.0	2113	682	740
HSM7J4GR	742.0	1019	273	311
MSM9VZOI	1251.0	1510	444	488
HSM5MD7O	102.0	262	19	25
HSM5MD86	244.0	395	52	77
HSM5MD4A	256.0	455	59	70
MSM9VZHJ	1075.0	1373	423	476
MSM6J2LV	784.0	1111	217	282
MSMA26EV	1398.0	1787	429	489
PSM6XBRK	810.0	1088	311	341
HSM7J4IU	510.0	775	114	168
HSMA33MI	1008.0	1333	331	385
CSM79HGZ	1655.0	2020	573	645
PSM6XBTH	1229.0	1552	412	513
MSM5LLF4	306.0	500	65	83
CSM7KOJO	935.0	1165	368	413
MSM5LLEH	443.0	638	164	193
CSM7KONK	491.0	741	111	148
HSM7CZ2P	1508.0	1938	483	603
MSM9VZNL	1545.0	2024	442	562
HSM67VH1	980.0	1255	393	460
HSM6XRV2	1685.0	2091	539	630
CSM7KOOR	275.0	390	69	75
CSM7KOQZ	2312.0	2759	914	1057
CSM7KOOH	771.0	1154	182	256
CSM7KOR8	2144.0	2559	880	986
MSM79H58	1102.0	1446	294	368
ESM7F5C5	1584.0	2076	496	607
MSM79H52	2592.0	3048	915	1021
MSM79HD8	211.0	352	55	82
HSM6XRRD	1318.0	1649	431	516
HSM6XRQE	2374.0	2723	904	982
MSM79H9C	1828.0	2237	626	710
MSM9VZM4	2247.0	2640	933	1016
HSMA33JT	1076.0	1450	290	390
ESM7F5AO	2288.0	2734	833	954
ESM7F5CD	650.0	934	145	209
CSM79HNK	1459.0	1812	441	509
MSM5LLFK	329.0	506	65	89
MSM5LLFO	993.0	1289	356	394
CSM79HJG	2556.0	2934	1004	1112
HSM7J4GB	2040.0	2403	745	815
HSM7J4G9	2128.0	2514	805	885
CSM79HG4	1821.0	2209	609	700
HSM5MD8A	479.0	763	107	162
CSM79HH8	227.0	408	33	51
HSM5MD5D	541.0	760	150	194
CSM79HPC	293.0	507	62	87
MSM9VZPL	1453.0	1800	567	644
HSM6XRSZ	1315.0	1683	480	543
CSM5FZ4A	823.0	1064	338	422
CSM79HIH	1869.0	2234	735	853
CSM5MCUC	690.0	991	175	257
PSM6XBSK	761.0	1080	190	269
CSM5MCXL	649.0	916	182	245
CSM67U9T	1231.0	1543	400	484
CSM67UAQ	781.0	1036	233	288
MSM9VZES	1055.0	1377	424	489
MSM9VZIY	1924.0	2245	805	870
HSM7CYYZ	656.0	961	162	230
CSM5MCXZ	2274.0	2708	766	892
CSM5MCWK	2787.0	3181	1106	1209
HSM6XRQC	157.0	338	37	45
CSM67UCK	2571.0	2993	999	1128
MSM79HEW	1132.0	1449	387	463
MSM5LLDA	755.0	1050	241	320
MSM79HEA	1266.0	1653	382	479
MSMA267V	2355.0	2892	742	887
MSM5LLHQ	852.0	1086	333	380
MSM6J2QD	2124.0	2517	741	875
HSM7J4JZ	739.0	992	204	232
HSM7J4HS	1201.0	1496	431	484
CSM5FZ4K	937.0	1300	248	335
HSM7CZ2X	892.0	1173	270	342
MSM79H76	544.0	818	167	199
HSM67VFZ	1626.0	1966	576	662
MSMB4LXY	1215.0	1599	379	477
CSM7KON8	1269.0	1598	421	507
HSM7CZ2F	1732.0	2177	600	728
PSM7J19R	2745.0	3177	1090	1207
CSM5FZ4O	873.0	1240	257	344
ESM7F5BL	265.0	452	64	88
CSM5MCUU	2164.0	2553	843	935
ESM718SY	2559.0	2956	1036	1144
CSM5MCY8	769.0	1059	207	262
HSM7J4QJ	160.0	324	37	46
ESM5MEEG	402.0	614	107	149
HSMA33MZ	505.0	749	139	157
ESM5GEZ6	408.0	659	82	111
ESM5MEBU	1062.0	1334	427	475
CSM67UBN	990.0	1271	468	496
MSM6J2LL	174.0	346	33	47
HSM7J4Q7	1086.0	1511	266	366
PSMA263W	773.0	1087	241	271
CSM5FZ3T	567.0	831	209	253
PSM6XBSE	705.0	959	256	288
PSM7J12R	543.0	764	187	218
HSMA33L3	2364.0	2720	908	996
HSMA33MA	518.0	743	172	191
HSM7J4K8	928.0	1199	359	401
HSMA33OR	460.0	708	132	157
CSM7KOLE	549.0	806	167	226
CSM7KOMD	815.0	1067	258	301
MSM9VZFH	1853.0	2268	595	684
MSMAPC7J	2554.0	2931	1013	1120
MSM9VZH1	2604.0	3151	930	1124
HSM67VEA	1146.0	1489	368	434
MSM9VZF7	493.0	799	110	167
ESM9IEP5	2371.0	2840	894	1047
CSM67UEI	958.0	1272	308	386
CSM67UEA	419.0	621	93	144
PSM6XBQY	1238.0	1632	368	434
CSM79HLA	1424.0	1725	619	706
PSM6XBQM	1133.0	1416	439	476
PSM7J14L	200.0	372	61	81
PSM6XBSS	817.0	1131	191	279
PSM7J14T	1297.0	1648	477	532
CSM67UDN	1227.0	1491	587	647
HSM7J4JV	1601.0	1969	577	637
MSMA26BB	2119.0	2616	684	833
PSM6XBSI	976.0	1304	258	351
CSM7KOUF	1483.0	1907	455	572
CSM9X1ZU	2416.0	2855	973	1070
HSM67VEE	588.0	816	168	182
CSM79HM9	1884.0	2322	697	813
CSM9X22G	2704.0	3152	1108	1207
HSM7CYX2	359.0	606	106	119
HSM6XRTC	2217.0	2662	760	858
MSM6J2RC	766.0	1063	231	277
MSM79HA7	1472.0	1892	429	524
HSM5MD82	1609.0	2038	473	565
MSM6J2R2	2083.0	2462	775	854
HSM5MD6K	592.0	854	163	212
MSM6J2LB	1506.0	1852	534	599
HSMA33O5	937.0	1216	338	398
PSM6XBTZ	1167.0	1537	281	385
HSM5MD6U	1126.0	1427	373	425
CSM5MCU4	1073.0	1372	469	510
CSM67UEW	1163.0	1500	363	426
CSM5MCYO	1571.0	1941	587	658
CSM5MCZ3	664.0	899	259	309
HSM67VF3	1441.0	1760	536	589
CSM5MCXB	948.0	1294	323	373
CSM7KOK3	2766.0	3169	1164	1270
MSMA26EL	916.0	1213	271	299
CSM7KOU9	3312.0	3763	1306	1468
CSM7KOPS	1176.0	1503	400	494
CSM7KOPC	2091.0	2556	758	890
CSM7KOP8	2048.0	2425	765	878
CSM79HO9	1527.0	1870	597	686
PSM7J1CU	251.0	448	81	89
CSM7KOQX	1434.0	1821	464	578
PSM7J1CK	712.0	986	242	300
CSM7KOKH	727.0	1022	189	271
MSM6J2O1	1648.0	1981	683	750
MSM6J2NW	487.0	708	157	202
CSM67UBB	984.0	1278	426	471
MSMA26C8	1080.0	1382	401	464
CSM67U9X	800.0	1073	301	345
CSM79HJ6	683.0	990	213	276
HSM7CYWW	1104.0	1403	351	419
HSM7CZ1Z	1682.0	2031	697	771
ESM5MEB1	1406.0	1720	523	579
HSMA33LH	706.0	1072	197	278
ESM5MEAD	940.0	1165	445	477
MSMAPC6M	2318.0	2752	850	965
ESM5MEBL	828.0	1106	283	348
ESM5MEAG	1341.0	1618	624	672
MSM79H5W	1644.0	2014	554	640
MSM6J2PO	2601.0	3074	980	1119
MSM6J2QP	1121.0	1496	379	464
MSM6J2PW	2552.0	2988	992	1118
MSM79HC4	974.0	1344	276	380
MSM79H5S	1328.0	1691	454	571
CSM7KOMT	873.0	1242	214	295
HSM7J4R2	1040.0	1432	285	389
HSMA33JJ	1553.0	2011	437	571
CSM67UB1	1405.0	1802	453	557
MSM79HDE	9.0	34	4	4
CSM67U9V	1842.0	2319	582	718
MSM6J2K6	2072.0	2550	632	770
CSM79HIT	1882.0	2239	659	758
MSM9VZEW	748.0	1045	201	232
HSM6XRRJ	1036.0	1385	372	450
CSM7KOTK	2376.0	2836	947	1061
CSM5FZ48	974.0	1364	239	333
HSM67VI3	2272.0	2766	795	912
HSM67VI5	987.0	1400	250	376
HSM67VES	758.0	1087	190	259
CSM5MCVH	149.0	281	30	47
HSM67VDX	2055.0	2458	724	876
CSM67UAA	971.0	1236	388	451
HSM7CYZJ	2080.0	2498	725	830
ESM5MEC5	1640.0	1949	676	763
PSM7J16W	2679.0	3115	991	1092
HSM5MD8B	755.0	1060	221	272
HSM7CYZ7	506.0	704	146	169
CSM79HM1	1425.0	1818	523	600
HSMA33MQ	858.0	1227	194	261
HSM7J4N4	1724.0	2067	524	598
HSM7J4NA	1619.0	1979	506	579
HSMA33J7	1246.0	1616	441	500
HSM7J4HC	2184.0	2610	737	859
HSM7J4KC	673.0	887	233	262
HSM7J4I3	620.0	879	153	201
ESM5MEDD	2528.0	2914	1040	1144
ESM5MEDN	1859.0	2204	748	839
CSM79HQH	1559.0	1872	656	717
CSM7KOQ3	400.0	613	112	133
MSM9VZOU	521.0	739	131	154
HSM7CYXG	1064.0	1419	364	446
HSM7J4OE	2866.0	3314	1057	1197
PSM6XBUO	1032.0	1337	373	431
PSM6XBUI	482.0	699	152	190
PSM6XBTV	1953.0	2347	719	836
MSM9VZPV	1118.0	1506	269	346
MSM9VZMM	2921.0	3358	1275	1406
MSM9VZMU	1170.0	1413	395	448
PSM7J141	489.0	700	191	216
MSM9VZL9	1434.0	1765	536	602
MSM5LLIK	1470.0	1856	533	644
MSM9VZHD	1980.0	2376	691	784
MSM79H6B	2226.0	2599	912	1002
HSM6XRSN	1915.0	2249	804	868
HSM7J4ME	1656.0	1996	646	702
HSM5MD4Q	871.0	1180	284	368
HSM5MD4O	958.0	1243	350	394
CSMA9J65	752.0	941	325	352
MSM79H4T	278.0	469	60	79
MSM5LLHM	2386.0	2817	943	1041
MSM6J2N6	614.0	881	165	195
MSM5LLIC	1613.0	1987	554	644
HSM7CYXQ	1667.0	2071	588	714
CSM7KOOV	612.0	848	182	238
MSM79H4X	925.0	1219	292	327
MSM6J2J5	2032.0	2404	745	851
PSM6XBT9	887.0	1237	199	278
PSM6XBT3	1462.0	1798	556	634
MSM79HAH	2621.0	3006	1052	1176
PSM7J1AS	790.0	1093	211	276
MSM6J2O3	1502.0	1913	515	627
MSM9VZFV	563.0	791	193	233
HSM7J4O3	888.0	1250	252	321
HSM6XRVK	42.0	83	7	11
HSM6XRVC	696.0	1009	162	226
HSM6XRVO	771.0	1051	274	320
HSM7CZ1A	526.0	783	118	161
CSM5MCYU	832.0	1171	192	238
HSM6XRVU	2176.0	2543	904	1015
CSM67U9P	1045.0	1391	346	386
HSM67VDR	1274.0	1592	452	497
HSMA33NW	2378.0	2756	923	1035
PSMA264Q	660.0	903	211	249
CSM9X1YF	1719.0	2108	614	685
HSMA33IA	2513.0	2896	1023	1137
MSMA26CX	2655.0	3054	1099	1196
HSM5MD43	819.0	1088	280	345
HSM5MD3Y	229.0	418	78	89
HSM5MD87	466.0	669	175	203
CSM5FZ44	946.0	1201	373	426
CSM5MCVN	1032.0	1282	453	490
PSM7J1B9	2002.0	2342	818	907
MSMAPC6G	1211.0	1673	311	427
MSM9VZEK	1771.0	2151	582	688
MSM5LLGH	507.0	699	185	236
MSM79HDQ	357.0	553	66	99
MSM5FZA2	375.0	586	110	125
MSM5FZ9X	509.0	729	173	190
MSM79HBX	589.0	843	133	185
CSM7KONS	1430.0	1775	473	545
ESM718UH	2615.0	3036	1132	1248
CSM7KORU	841.0	1092	311	347
PSM7J14X	2833.0	3256	1158	1276
CSM79HQR	474.0	693	169	193
ESM718TM	943.0	1275	240	309
ESM5MEB9	251.0	448	45	65
PSM7J16F	855.0	1226	200	280
ESM718V8	572.0	811	196	232
PSM7J17X	1368.0	1715	446	495
PSM6XBW3	835.0	1093	275	316
PSM7J1A4	148.0	294	19	31
ESM5MEET	391.0	602	101	131
ESM5MEBP	319.0	519	113	125
PSMA267P	52.0	106	6	10
PSMB4MBK	1074.0	1437	359	423
CSM79HMX	2543.0	2987	931	1051
MSM79H8D	537.0	811	137	184
PSM7J143	870.0	1090	358	393
MSM79H8L	794.0	966	268	301
MSM79H8J	2625.0	3089	1019	1137
CSM79HLM	2294.0	2674	998	1111
MSM9VZJZ	2561.0	2976	1020	1096
CSM67UBZ	2670.0	3057	1193	1310
MSM6J2QZ	179.0	289	44	57
CSM5MCYK	1708.0	2124	638	733
CSM67UGO	1511.0	1898	492	569
MSM9VZGO	2370.0	2864	894	1001
CSM5MCXF	1021.0	1326	390	433
CSM5MCZF	142.0	265	27	38
CSM9X21P	1807.0	2191	688	765
HSM7CYY1	1385.0	1726	482	574
MSM6J2L5	1493.0	1813	609	691
PSM7J158	1201.0	1428	479	522
HSM7CZ14	290.0	449	53	84
MSM79HDW	1652.0	1998	583	643
HSM7J4QT	502.0	734	111	153
CSM67UA2	543.0	819	124	177
HSM7J4LD	173.0	304	36	49
MSM9VZLJ	543.0	812	89	142
MSM79HCG	1929.0	2308	782	875
HSM67VFR	189.0	362	46	66
MSM79H85	7.0	41	2	3
HSM7CYYH	1306.0	1641	427	486
MSMA26BR	1439.0	1771	527	604
HSM5MD62	1290.0	1576	493	534
PSM7J19N	2555.0	3057	938	1097
HSM5MD73	553.0	806	165	209
MSM5LLHZ	274.0	455	59	83
MSM5LLDS	1337.0	1719	430	513
HSM5FZBJ	446.0	679	113	139
MSM9VZLP	741.0	953	204	232
HSM5MD7W	1080.0	1386	364	416
HSM7J4KK	1735.0	2101	670	730
HSM5MD5K	392.0	639	91	116
MSM6J2P4	1254.0	1538	557	601
CSM79HQ9	934.0	1207	403	455
HSM7J4KQ	1105.0	1424	403	460
MSM5LLIS	1738.0	2118	646	721
MSM5LLH8	1723.0	2058	646	738
HSM5MD5P	1581.0	1923	628	704
MSM6J2KE	1596.0	2004	529	605
HSM5MD4W	271.0	462	37	61
HSM5MD4S	639.0	849	211	249
CSM5MCUM	2312.0	2703	938	1027
CSMAG78W	1452.0	1799	508	564
ESM9IEP1	986.0	1315	266	354
MSM9VZJN	1026.0	1335	374	450
HSM7J4PG	2211.0	2630	858	977
PSM7J19F	1267.0	1615	456	561
HSM7CYZT	481.0	711	161	195
HSM7J4M4	505.0	696	208	238
CSM79HJI	525.0	743	169	192
CSM79HMN	667.0	984	181	251
CSM79HNU	445.0	654	142	177
CSM67UFZ	603.0	855	178	215
PSM7J17L	610.0	900	144	189
PSMA263M	486.0	646	179	201
CSM7KOPQ	3293.0	3734	1353	1481
MSM6J2IQ	885.0	1120	372	414
CSM7KOPI	1637.0	2083	501	607
HSM67VGK	581.0	834	139	185
MSM6J2J1	944.0	1227	336	370
HSM67VGA	1316.0	1750	393	478
HSM7J4O1	2360.0	2742	1007	1088
PSM7J15U	633.0	931	216	244
PSM6XBVY	2110.0	2488	771	901
PSM7J15M	742.0	977	235	262
HSM6XRSG	724.0	955	249	273
CSM5MCTZ	1137.0	1496	355	430
HSM5MD6A	419.0	661	79	117
HSMA33QO	1028.0	1413	257	339
CSM5MCX3	1991.0	2325	796	894
HSM6XRRV	550.0	802	157	190
MSM6J2PM	2231.0	2642	891	988
MSM79HF1	2496.0	2945	988	1076
MSM79HF9	460.0	691	90	130
HSM5MD3L	867.0	1160	275	332
MSM79HAN	748.0	1038	198	252
MSM6J2PE	1831.0	2240	667	766
MSM6J2SM		1430	448	495
