SGB	dRepCluster	Representative	RepresentativeSHA256	GenomeBp	Contigs	N50Bp	Completeness	Contamination	MIMAGQuality	Path
SGB_001	1_1	vamb__025.fna	849765cc3b4b150397a555232e8402b8fcbe57eb987e4189d5953443ed10ea71	2614762	67	59244	99.95	0.2	Not re-audited for complete markers	/workspace/wechat/Metagenome/results/46-gtdbtk-taxonomy/inputs/genomes/SGB_001.fna
SGB_002	2_1	binette__012.fna	15114bf6c8fe4894a3bd1e74247c393c4ace98dd8d1947a3c5cff20ef6b0d7ec	2643322	77	47024	100.0	0.04	High quality	/workspace/wechat/Metagenome/results/46-gtdbtk-taxonomy/inputs/genomes/SGB_002.fna
SGB_003	3_1	binette__008.fna	967a05d2ab0adc374f33378f6009c3ab244f39ee868fdce056db73690b85d3b4	2039351	126	26973	98.69	0.55	Medium quality	/workspace/wechat/Metagenome/results/46-gtdbtk-taxonomy/inputs/genomes/SGB_003.fna
SGB_004	4_1	vamb__002.fna	dc2d5759242402e7bb00c52c04fa147df5107bd63764d03f96bde339396faa7a	1906417	54	48108	100.0	0.05	Not re-audited for complete markers	/workspace/wechat/Metagenome/results/46-gtdbtk-taxonomy/inputs/genomes/SGB_004.fna
SGB_005	5_1	binette__022.fna	7aa8352e35b8586d596ed820445898846b0c9ab7d02bef825b44ac27702e25a7	2653984	94	55634	100.0	0.14	Medium quality	/workspace/wechat/Metagenome/results/46-gtdbtk-taxonomy/inputs/genomes/SGB_005.fna
SGB_006	6_1	metabat2-multisample__018.fna	eb10464f9e951abd418634afd92c39455180c5d8326a5a6857468ec5de0b96a8	5210977	1024	6611	99.55	6.95	Not re-audited for complete markers	/workspace/wechat/Metagenome/results/46-gtdbtk-taxonomy/inputs/genomes/SGB_006.fna
SGB_007	7_1	binette__025.fna	322ff7a31426f03680bc0e500ef998b01f300b4174bc7635e79f2650e6e5b806	6481038	306	46222	99.97	0.28	Medium quality	/workspace/wechat/Metagenome/results/46-gtdbtk-taxonomy/inputs/genomes/SGB_007.fna
SGB_008	8_1	semibin2__018.fna	64d3c938ec6fec17483b576ac6f8466c9517b6bd2476f43804ba6aae73030f68	946551	324	3170	59.51	0.0	Not re-audited for complete markers	/workspace/wechat/Metagenome/results/46-gtdbtk-taxonomy/inputs/genomes/SGB_008.fna
SGB_009	9_1	binette__015.fna	60f4d611291f401f2c8ee007c94b56e153df13a4e0cb5cc74eafab162a97cd33	1083632	272	4753	78.95	0.29	Medium quality	/workspace/wechat/Metagenome/results/46-gtdbtk-taxonomy/inputs/genomes/SGB_009.fna
SGB_010	10_1	semibin2__038.fna	7e764b2ccf81fc2b0d23d77ec6f43e2b6aae6da537e47c95d0f9002335229dc2	1727858	43	79303	99.92	0.12	Not re-audited for complete markers	/workspace/wechat/Metagenome/results/46-gtdbtk-taxonomy/inputs/genomes/SGB_010.fna
SGB_011	11_1	taxvamb__008.fna	0c9920d688c8e18cd58113f4ed884bd72d1ed75f63b9b099fc45adee9f24da52	1937978	83	44823	99.41	0.33	Not re-audited for complete markers	/workspace/wechat/Metagenome/results/46-gtdbtk-taxonomy/inputs/genomes/SGB_011.fna
SGB_012	12_1	binette__009.fna	88d4ba3a1f67c50c0ebc7d85dec2279e7313562b7be572dae13100064ad25c51	2147088	283	11618	98.68	0.29	Medium quality	/workspace/wechat/Metagenome/results/46-gtdbtk-taxonomy/inputs/genomes/SGB_012.fna
SGB_013	13_1	binette__018.fna	60e4ebfabd300bea9ee4d66d50ec594098fcb7a39f6ae2a9dc070f7aeb967f6b	1366218	380	4054	72.13	3.33	Medium quality	/workspace/wechat/Metagenome/results/46-gtdbtk-taxonomy/inputs/genomes/SGB_013.fna
SGB_014	14_1	semibin2__043.fna	f9cb447c36eebe1ad17d2c773f6fc751e2e9892b50c0415deed4835901794c1b	1920309	8	672984	100.0	0.48	Not re-audited for complete markers	/workspace/wechat/Metagenome/results/46-gtdbtk-taxonomy/inputs/genomes/SGB_014.fna
SGB_015	15_1	binette__017.fna	77dd3ddcb37573eca9b1c84cf2bce0633d5f5b3d67c5a271c1600632bf12a4f5	1122363	361	3441	69.48	1.49	Medium quality	/workspace/wechat/Metagenome/results/46-gtdbtk-taxonomy/inputs/genomes/SGB_015.fna
SGB_016	16_1	binette__001.fna	da074711c9d8a43d626640d99ded6444f1deaca3348e0720dd7d091a6c4f4290	2770249	92	67435	99.99	0.02	Medium quality	/workspace/wechat/Metagenome/results/46-gtdbtk-taxonomy/inputs/genomes/SGB_016.fna
SGB_017	17_1	binette__002.fna	73842ce20cfa7e89413c7d161072d3fbd265f884fc4eda97097dc314ac4607d4	2151032	57	68740	99.98	0.31	Medium quality	/workspace/wechat/Metagenome/results/46-gtdbtk-taxonomy/inputs/genomes/SGB_017.fna
SGB_018	18_1	binette__013.fna	92ebeaeb64bc0f36a1d1428d01b80f5b12633183fc8144ee0186e739c0f92b2c	418156	70	8323	87.33	0.21	Medium quality	/workspace/wechat/Metagenome/results/46-gtdbtk-taxonomy/inputs/genomes/SGB_018.fna
SGB_019	19_1	binette__005.fna	50af7f6afa2a049f3ddcab14c3f7f9f8ac50e0a7df9091a462381af260bf6df6	1736697	14	443866	99.47	0.19	High quality	/workspace/wechat/Metagenome/results/46-gtdbtk-taxonomy/inputs/genomes/SGB_019.fna
SGB_020	20_1	semibin2__020.fna	5a24399386277d9a8baa1001aee0fb331f24d173be22d398dfc32b11e9741587	2000542	199	14503	89.61	0.02	Not re-audited for complete markers	/workspace/wechat/Metagenome/results/46-gtdbtk-taxonomy/inputs/genomes/SGB_020.fna
SGB_021	21_1	binette__011.fna	d22e98a635a8a093307d452293f1a51ee5984376530952e790f437bf416d5f2b	6915991	682	15347	97.85	3.87	High quality	/workspace/wechat/Metagenome/results/46-gtdbtk-taxonomy/inputs/genomes/SGB_021.fna
SGB_022	22_1	binette__006.fna	f5dd0161e09ab726d6aefd14d1b23818f2257496217572c8dd5eae2b1890a3bf	4629413	13	432090	99.94	0.79	High quality	/workspace/wechat/Metagenome/results/46-gtdbtk-taxonomy/inputs/genomes/SGB_022.fna
SGB_023	23_1	binette__024.fna	77e8136b6b221277df458756be3ed1c72bf834589b89611b6a3292a4dc625947	1698339	54	82868	99.93	0.15	Medium quality	/workspace/wechat/Metagenome/results/46-gtdbtk-taxonomy/inputs/genomes/SGB_023.fna
SGB_024	24_1	binette__007.fna	59ca1e9e2bd2d44885bc9f7d1fef25a15daa36ce2efcff633f13215e19426086	1772843	31	88409	99.5	0.45	Medium quality	/workspace/wechat/Metagenome/results/46-gtdbtk-taxonomy/inputs/genomes/SGB_024.fna
