Branch	CandidateID	SourceBin	Contigs	BinBp	N50Bp	TruthAssignedBinPct	DominantTruthAccession	DominantTruthReference	DominantTruthContigBp	AlignedPurityPct	AlignedContaminationProxyPct	RecoveredReferenceBp	ReferenceBp	DominantGenomeRecoveryPct	TruthProxyTier	CheckM2Completeness	CheckM2Contamination	GUNCPass	QCMinimumPass	CandidateFASTA	CandidateSHA256
MetaBAT2-MOCK1-only	metabat2-mock1__001	bin.1.fa	7	245597	161417	100.0	GCA_000016545.1	Caldicellulosiruptor_saccharolyticus_DSM_8903	244051	99.37051348347089	0.6294865165291128	271943	2970275	9.155482236493254	Below MQ proxy	11.58	0.0	True	False	${ARTICLE42_WORK_DIR}/candidates/metabat2-mock1/metabat2-mock1__001.fna	7109433f775033fef145a4a57b10987501e0b4a9aaf1425fa3e2795b430e8ee5
MetaBAT2-MOCK1-only	metabat2-mock1__002	bin.10.fa	516	1387113	2761	100.0	GCA_000015125.1	Chlorobium_phaeobacteroides_DSM_266	1274401	91.87434621404313	8.125653785956871	1289530	3133902	41.147744888002244	Below MQ proxy	51.44	0.66	False	False	${ARTICLE42_WORK_DIR}/candidates/metabat2-mock1/metabat2-mock1__002.fna	c552742b948de6d6bfbe957f318da6ff3314983cb98c521567ea57f386183cdc
MetaBAT2-MOCK1-only	metabat2-mock1__003	bin.11.fa	242	6014960	49681	100.0	GCA_000018565.1	Herpetosiphon_aurantiacus_DSM_785	6014960	100.0	0.0	6026197	6785430	88.81083439074605	MQ proxy	99.92	0.44	True	True	${ARTICLE42_WORK_DIR}/candidates/metabat2-mock1/metabat2-mock1__003.fna	e7c1729037547241904dfa9e8057913208a207ba2d0036f499dd2603bbfe194a
MetaBAT2-MOCK1-only	metabat2-mock1__004	bin.12.fa	1051	5278744	6481	99.95593648792213	GCA_000017325.1	Shewanella_baltica_OS185	2917352	55.290388289934576	44.709611710065424	4001638	5312910	75.31913772301809	Below MQ proxy	99.71	7.18	True	True	${ARTICLE42_WORK_DIR}/candidates/metabat2-mock1/metabat2-mock1__004.fna	43dc910a95795aaafb1a79e6e0e85fbfdac683cbf551de6a9e19e130550de8e9
MetaBAT2-MOCK1-only	metabat2-mock1__005	bin.13.fa	38	1653443	79303	100.0	GCA_000091665.1	Methanocaldococcus_jannaschii_DSM_2661	1653443	100.0	0.0	1653057	1739927	95.00726179891456	HQ proxy	99.69	0.09	True	True	${ARTICLE42_WORK_DIR}/candidates/metabat2-mock1/metabat2-mock1__005.fna	2bfaaaac9fcd6467133b135a8d13de48439241c4be99021ca803a557f561803e
MetaBAT2-MOCK1-only	metabat2-mock1__006	bin.14.fa	195	1973287	14674	100.0	GCA_000006805.1	Halobacterium_salinarum_NRC-1	1973287	100.0	0.0	1966595	2571010	76.49114550312912	MQ proxy	88.65	0.01	True	True	${ARTICLE42_WORK_DIR}/candidates/metabat2-mock1/metabat2-mock1__006.fna	3333babd1055dd471540e40bf69e167d30e32617973847e641a152b7c0e1063e
MetaBAT2-MOCK1-only	metabat2-mock1__007	bin.15.fa	272	2119376	11648	100.0	GCA_003019295.1	Fusobacterium_nucleatum_subsp._nucleatum_ATCC_25586	2070002	97.67035202814414	2.329647971855863	2082063	2180101	95.5030523815181	HQ proxy	96.63	0.22	True	True	${ARTICLE42_WORK_DIR}/candidates/metabat2-mock1/metabat2-mock1__007.fna	2431254278bb892e93da17694172f57f5968df6670ea6e5de0e29760d8fdcb1a
MetaBAT2-MOCK1-only	metabat2-mock1__008	bin.16.fa	62	1470066	50634	100.0	GCA_000166095.1	Methanothermus_fervidus_DSM_2088	1221036	83.05994424740113	16.940055752598866	1220083	1243342	98.12931598868212	Below MQ proxy	99.11	0.63	False	False	${ARTICLE42_WORK_DIR}/candidates/metabat2-mock1/metabat2-mock1__008.fna	6df1edb36a68bc13f5abb04783e18d09bada8ba809db2c139efa209a0e3e2689
MetaBAT2-MOCK1-only	metabat2-mock1__009	bin.17.fa	120	2023018	26973	100.0	GCA_000010505.1	Porphyromonas_gingivalis_ATCC_33277	2020831	99.89189418976994	0.10810581023005739	2038616	2354886	86.56962587573241	MQ proxy	96.21	0.55	True	True	${ARTICLE42_WORK_DIR}/candidates/metabat2-mock1/metabat2-mock1__009.fna	9affb9532013f27ad75e9fb6dface5a8b0250e21b74aca75120892dccec809f6
MetaBAT2-MOCK1-only	metabat2-mock1__010	bin.18.fa	157	314653	1923	100.0	GCA_000156375.1	Desulfovibrio_piger_ATCC_29098	314653	100.0	0.0	309621	2867216	10.798663232906067	Below MQ proxy	9.99	0.0	True	False	${ARTICLE42_WORK_DIR}/candidates/metabat2-mock1/metabat2-mock1__010.fna	eb53d06842b476824427a3fd95cb9f0c7d00f1ca0e6004a717b4c41b44997e85
MetaBAT2-MOCK1-only	metabat2-mock1__011	bin.19.fa	362	1117177	3424	100.0	GCA_000020785.1	Hydrogenobaculum_sp._Y04AAS1	1108369	99.21158419838575	0.7884158016142493	1113456	1559514	71.39762772248277	MQ proxy	68.79	1.7	True	True	${ARTICLE42_WORK_DIR}/candidates/metabat2-mock1/metabat2-mock1__011.fna	828a7d33a358ca5b8cde8812b1a428af22bb5164bf084f93a0124ca8cdc6f94a
MetaBAT2-MOCK1-only	metabat2-mock1__012	bin.2.fa	12	1733271	443866	99.87774560354381	GCA_000011105.1	Pyrococcus_horikoshii_OT3	1731152	100.0	0.0	1730774	1738505	99.55530757748755	HQ proxy	99.46	0.19	True	True	${ARTICLE42_WORK_DIR}/candidates/metabat2-mock1/metabat2-mock1__012.fna	612656befe4ad9c56f9f56189eaeb44b409775bc837f51c78f49b9bcf46c5bd9
MetaBAT2-MOCK1-only	metabat2-mock1__013	bin.20.fa	138	273206	1882	100.0	GCA_000020225.1	Akkermansia_muciniphila_ATCC_BAA-835	273206	100.0	0.0	273683	2664102	10.272992550585526	Below MQ proxy	9.91	0.0	True	False	${ARTICLE42_WORK_DIR}/candidates/metabat2-mock1/metabat2-mock1__013.fna	9fd2492f17f890ce609afec49a0434698e8aa5435865fa5665b45fe5c6d42c0a
MetaBAT2-MOCK1-only	metabat2-mock1__014	bin.21.fa	516	1696207	3665	98.6368409044415	GCA_000016125.1	Methanococcus_maripaludis_C5	1446607	86.46344925691163	13.53655074308837	1428920	1789046	79.87050081440053	Below MQ proxy	77.47	7.24	False	False	${ARTICLE42_WORK_DIR}/candidates/metabat2-mock1/metabat2-mock1__014.fna	df314ac9842866cba940a59245fa0f03c7e08b6e537daa2e049ad60f5c86af2d
MetaBAT2-MOCK1-only	metabat2-mock1__015	bin.22.fa	2000	4656050	2299	99.4731800560561	GCA_000009225.1	Pseudomonas_fluorescens_SBW25	2744637	59.259949377321185	40.740050622678815	2733122	6722539	40.65609734655314	Below MQ proxy	64.91	13.41	True	False	${ARTICLE42_WORK_DIR}/candidates/metabat2-mock1/metabat2-mock1__015.fna	4af7cd7f6b1356ca2af4c5181774d1bb0703f5297bc283f82092651e2193709d
MetaBAT2-MOCK1-only	metabat2-mock1__016	bin.23.fa	479	1465935	3321	100.0	GCA_000006985.1	Chlorobaculum_tepidum_TLS	1350719	92.14044278907319	7.859557210926809	1353569	2154946	62.812200398525064	MQ proxy	66.52	0.35	False	False	${ARTICLE42_WORK_DIR}/candidates/metabat2-mock1/metabat2-mock1__016.fna	2f548a9897e919ae39ab01d211a8e1ec33518e278f4a8ae1be590caf8521b580
MetaBAT2-MOCK1-only	metabat2-mock1__017	bin.24.fa	108	2062748	41813	99.91622825473591	GCA_001639275.1	Methanobrevibacter_oralis_DSM_7256	2040517	99.00520130809016	0.9947986919098355	2043943	2140433	95.49203362123458	HQ proxy	99.7	0.75	True	True	${ARTICLE42_WORK_DIR}/candidates/metabat2-mock1/metabat2-mock1__017.fna	c6d9e4fc727fc7bd5d61a041ceafade1f80f86e064f3e345e06ffbf487c56778
MetaBAT2-MOCK1-only	metabat2-mock1__018	bin.25.fa	669	6884040	15447	100.0	GCA_000196115.1	Rhodopirellula_baltica_SH_1	6884040	100.0	0.0	6907055	7145576	96.6619765852326	HQ proxy	97.42	3.87	True	True	${ARTICLE42_WORK_DIR}/candidates/metabat2-mock1/metabat2-mock1__018.fna	d6fef3bdb22d717b2e97a85e0fd7c0b6bd6a86bcebc4494af210988876f006a0
MetaBAT2-MOCK1-only	metabat2-mock1__019	bin.26.fa	60	2510361	50296	100.0	GCA_000009145.1	Nitrosomonas_europaea_ATCC_19718	2507983	99.90527258828511	0.09472741171488508	2551168	2812094	90.72129167801646	HQ proxy	96.92	0.02	True	True	${ARTICLE42_WORK_DIR}/candidates/metabat2-mock1/metabat2-mock1__019.fna	b2280a4dabcb1d9e96399256074a5e48117c031d1e421d3dba750df703dfa599
MetaBAT2-MOCK1-only	metabat2-mock1__020	bin.27.fa	59	2156038	68740	100.0	GCA_000019085.1	Thermoanaerobacter_pseudethanolicus_ATCC_33223	2148965	99.67194455756346	0.3280554424365363	2161286	2362816	91.47077047048946	HQ proxy	99.98	0.35	True	True	${ARTICLE42_WORK_DIR}/candidates/metabat2-mock1/metabat2-mock1__020.fna	fd75bb028d9b3b393e4b15d07af7767db21cfe1dffc1bb0e7e3cdbadde5b803b
MetaBAT2-MOCK1-only	metabat2-mock1__021	bin.28.fa	137	315057	2179	100.0	GCA_000009705.1	Trichormus_sp._PCC_7120	191203	60.688383371897785	39.311616628102215	191916	7211789	2.6611427483527317	Below MQ proxy	6.37	0.01	False	False	${ARTICLE42_WORK_DIR}/candidates/metabat2-mock1/metabat2-mock1__021.fna	9fae76e67fcb0dbb58461941d99899f68c081e5752227c731739d8a0ad5d6f86
MetaBAT2-MOCK1-only	metabat2-mock1__022	bin.29.fa	20	376921	67932	100.0	GCA_000009705.1	Trichormus_sp._PCC_7120	371979	98.68884991815261	1.3111500818473871	420797	7211789	5.834849022898479	Below MQ proxy	5.35	0.05	True	False	${ARTICLE42_WORK_DIR}/candidates/metabat2-mock1/metabat2-mock1__022.fna	8cf5aff5f18df7bcd0488b1e62cd4152548c195e64ccaab994b1a840c3fe135d
MetaBAT2-MOCK1-only	metabat2-mock1__023	bin.3.fa	5	1893794	672984	100.0	GCA_000021565.1	Persephonella_marina_EX-H1	1893794	100.0	0.0	1894128	1983966	95.47179739975383	HQ proxy	98.88	0.44	True	True	${ARTICLE42_WORK_DIR}/candidates/metabat2-mock1/metabat2-mock1__023.fna	6368094fa97d5c7e70b54e062f6cda83c8571fab20175eca0d2ffea82607eaf6
MetaBAT2-MOCK1-only	metabat2-mock1__024	bin.30.fa	42	1635307	82868	100.0	GCA_000016785.1	Thermotoga_petrophila_RKU-1	1616327	98.83936166114376	1.160638338856245	1615807	1823511	88.60966563952726	MQ proxy	98.98	0.37	True	True	${ARTICLE42_WORK_DIR}/candidates/metabat2-mock1/metabat2-mock1__024.fna	45f15ad380e366b00eacb985584780c4f5e533aae2a844b7d4208ce5a38e7523
MetaBAT2-MOCK1-only	metabat2-mock1__025	bin.31.fa	50	1896031	48450	100.0	GCA_000016085.1	Chlorobium_phaeovibrioides_DSM_265	1894284	99.90786015629492	0.09213984370508399	1895328	1966858	96.3632351700021	HQ proxy	100.0	0.22	True	True	${ARTICLE42_WORK_DIR}/candidates/metabat2-mock1/metabat2-mock1__025.fna	532640f3ede108828f7a41439aa4e6b64944a6fea2a1b09767a659365d167a7d
MetaBAT2-MOCK1-only	metabat2-mock1__026	bin.32.fa	65	2595739	59244	100.0	GCA_002952055.1	Desulfobulbus_oralis_sp._ONRL	2595739	100.0	0.0	2609947	2774417	94.07190771971193	HQ proxy	99.98	0.21	True	True	${ARTICLE42_WORK_DIR}/candidates/metabat2-mock1/metabat2-mock1__026.fna	622920d94808fdeba7db830f01281eaaf9dec649d07d9c8ca1d04986d796fa14
MetaBAT2-MOCK1-only	metabat2-mock1__027	bin.33.fa	13	4629413	432090	100.0	GCA_000010305.1	Gemmatimonas_aurantiaca_T-27	4629413	100.0	0.0	4630966	4636964	99.87064812234902	HQ proxy	99.95	0.8	True	True	${ARTICLE42_WORK_DIR}/candidates/metabat2-mock1/metabat2-mock1__027.fna	f5dd0161e09ab726d6aefd14d1b23818f2257496217572c8dd5eae2b1890a3bf
MetaBAT2-MOCK1-only	metabat2-mock1__028	bin.4.fa	34	1868594	88409	100.0	GCA_000018945.1	Thermotoga_neapolitana_DSM_4359	1772843	94.87577290733033	5.1242270926696705	1773462	1884562	94.10473096666493	MQ proxy	99.09	1.9	True	True	${ARTICLE42_WORK_DIR}/candidates/metabat2-mock1/metabat2-mock1__028.fna	3b86b0135bf7ad4366c7c5b75eed359561f1a607a3245bbcd7cde2079c8cdabe
MetaBAT2-MOCK1-only	metabat2-mock1__029	bin.5.fa	76	2490170	58955	100.0	GCA_000020465.1	Chlorobium_limicola_DSM_245	2485206	99.80065618010015	0.19934381989985184	2500959	2763181	90.51014030568392	HQ proxy	99.99	0.21	True	True	${ARTICLE42_WORK_DIR}/candidates/metabat2-mock1/metabat2-mock1__029.fna	4aba2925fa45e4482b691964bcc94f921ab8b76dc0734078e84e8d7457dda4f8
MetaBAT2-MOCK1-only	metabat2-mock1__030	bin.6.fa	70	418156	8323	100.0	GCA_000008085.1	Nanoarchaeum_equitans_Kin4-M	414524	99.13142463578185	0.8685753642181453	414408	490885	84.4205873065993	MQ proxy	87.33	0.21	True	True	${ARTICLE42_WORK_DIR}/candidates/metabat2-mock1/metabat2-mock1__030.fna	92ebeaeb64bc0f36a1d1428d01b80f5b12633183fc8144ee0186e739c0f92b2c
MetaBAT2-MOCK1-only	metabat2-mock1__031	bin.7.fa	230	698850	3203	100.0	GCA_001481685.1	Ignicoccus_islandicus_DSM_13165	698850	100.0	0.0	697967	1394664	50.04553067979097	MQ proxy	41.55	0.0	True	False	${ARTICLE42_WORK_DIR}/candidates/metabat2-mock1/metabat2-mock1__031.fna	6df3a3746dc5777b62727310341cdc9da864bebb121b62c1f125b9da4399f494
MetaBAT2-MOCK1-only	metabat2-mock1__032	bin.8.fa	71	2396218	67435	100.0	GCA_000016545.1	Caldicellulosiruptor_saccharolyticus_DSM_8903	2315310	96.62351255186297	3.376487448137027	2312128	2970275	77.84221999646498	MQ proxy	87.86	0.0	True	True	${ARTICLE42_WORK_DIR}/candidates/metabat2-mock1/metabat2-mock1__032.fna	57130e9d7c3920cf4845912633053c12214347e7f057b776e7cdd49911825450
MetaBAT2-MOCK1-only	metabat2-mock1__033	bin.9.fa	268	1073351	4713	100.0	GCA_000017945.1	Ignicoccus_hospitalis_KIN4_I	1073351	100.0	0.0	1069019	1297538	82.38826146132136	MQ proxy	78.76	0.31	True	True	${ARTICLE42_WORK_DIR}/candidates/metabat2-mock1/metabat2-mock1__033.fna	8156c5a438368382f3e8ae0c244044381aae18a12adb9dc9d687d53ca599107d
MetaBAT2-multisample	metabat2-multisample__001	bin.1.fa	2025	4692413	2285	99.42040481091499	GCA_000009225.1	Pseudomonas_fluorescens_SBW25	2758878	59.13719750596757	40.86280249403243	2747187	6722539	40.86531889216262	Below MQ proxy	65.22	14.78	True	False	${ARTICLE42_WORK_DIR}/candidates/metabat2-multisample/metabat2-multisample__001.fna	93d58dbb298168a764dbc8820ebc74a27813b1b541d2f9d0d7e87b0c7a80454d
MetaBAT2-multisample	metabat2-multisample__002	bin.10.fa	505	1344009	2720	100.0	GCA_000015125.1	Chlorobium_phaeobacteroides_DSM_266	1273149	94.727713876916	5.272286123084001	1280859	3133902	40.87106106062028	Below MQ proxy	49.97	0.55	False	False	${ARTICLE42_WORK_DIR}/candidates/metabat2-multisample/metabat2-multisample__002.fna	d05bae8f37dab52bacf74576e8d0018aedd6ba9bd45d8f7f79bc17ad95973589
MetaBAT2-multisample	metabat2-multisample__003	bin.11.fa	50	1896031	48450	100.0	GCA_000016085.1	Chlorobium_phaeovibrioides_DSM_265	1894284	99.90786015629492	0.09213984370508399	1895328	1966858	96.3632351700021	HQ proxy	100.0	0.22	True	True	${ARTICLE42_WORK_DIR}/candidates/metabat2-multisample/metabat2-multisample__003.fna	532640f3ede108828f7a41439aa4e6b64944a6fea2a1b09767a659365d167a7d
MetaBAT2-multisample	metabat2-multisample__004	bin.12.fa	74	215511	2894	100.0	GCA_000017325.1	Shewanella_baltica_OS185	109938	51.012709328062144	48.987290671937856	112110	5312910	2.1101430289615295	Below MQ proxy	4.72	0.02	False	False	${ARTICLE42_WORK_DIR}/candidates/metabat2-multisample/metabat2-multisample__004.fna	80c3c1399faf4553817c59d6bef4ae856fa81e668fcbabf248712be98b8513d9
MetaBAT2-multisample	metabat2-multisample__005	bin.13.fa	269	1078802	4753	100.0	GCA_000017945.1	Ignicoccus_hospitalis_KIN4_I	1078802	100.0	0.0	1074470	1297538	82.80836476465429	MQ proxy	78.77	0.31	True	True	${ARTICLE42_WORK_DIR}/candidates/metabat2-multisample/metabat2-multisample__005.fna	000638abaf26cf2654bf9700f9830b8b31fd367f6be9d608b604033ce9fef676
MetaBAT2-multisample	metabat2-multisample__006	bin.14.fa	87	2561003	67277	100.0	GCA_000016545.1	Caldicellulosiruptor_saccharolyticus_DSM_8903	2482164	96.92155768657827	3.078442313421732	2484226	2970275	83.63622896869819	MQ proxy	89.22	0.06	True	True	${ARTICLE42_WORK_DIR}/candidates/metabat2-multisample/metabat2-multisample__006.fna	7d6bf807688130c9a891d4d715a608f94513340da7ccf7183500adcb0ca59018
MetaBAT2-multisample	metabat2-multisample__007	bin.15.fa	528	1702430	3612	98.64182374605711	GCA_000016125.1	Methanococcus_maripaludis_C5	1457349	86.78271049741917	13.217289502580826	1438537	1789046	80.40804987686175	Below MQ proxy	77.31	7.39	False	False	${ARTICLE42_WORK_DIR}/candidates/metabat2-multisample/metabat2-multisample__007.fna	2598b36faa15688cd0b1ba852e12d26ebf2e410f9d5b7bc5e1d2ad7e7be5f68f
MetaBAT2-multisample	metabat2-multisample__008	bin.16.fa	72	2575200	50296	100.0	GCA_000009145.1	Nitrosomonas_europaea_ATCC_19718	2562048	99.48928238583412	0.510717614165884	2578438	2812094	91.69103166537107	HQ proxy	99.98	0.06	True	True	${ARTICLE42_WORK_DIR}/candidates/metabat2-multisample/metabat2-multisample__008.fna	81abc5afae69006fdfca04e97708181a09331fca546adf115b78fd7ae40b90bd
MetaBAT2-multisample	metabat2-multisample__009	bin.17.fa	173	344582	1920	100.0	GCA_000156375.1	Desulfovibrio_piger_ATCC_29098	344582	100.0	0.0	339471	2867216	11.839742802774538	Below MQ proxy	10.71	0.0	True	False	${ARTICLE42_WORK_DIR}/candidates/metabat2-multisample/metabat2-multisample__009.fna	753bb1abb9c15432abc4301a0a41824c454e34254d74a31d5c13562369f72315
MetaBAT2-multisample	metabat2-multisample__010	bin.18.fa	147	289139	1876	100.0	GCA_000020225.1	Akkermansia_muciniphila_ATCC_BAA-835	289139	100.0	0.0	289607	2664102	10.870717412471445	Below MQ proxy	9.98	0.0	True	False	${ARTICLE42_WORK_DIR}/candidates/metabat2-multisample/metabat2-multisample__010.fna	e628570295d8b8bc5653473fa02fa88c6799b7aca10188fb8095c34bb00d6d26
MetaBAT2-multisample	metabat2-multisample__011	bin.19.fa	672	6898110	15447	100.0	GCA_000196115.1	Rhodopirellula_baltica_SH_1	6896087	99.97067312640709	0.029326873592907532	6918979	7145576	96.82884906689118	HQ proxy	97.67	3.87	True	True	${ARTICLE42_WORK_DIR}/candidates/metabat2-multisample/metabat2-multisample__011.fna	b8ada533b2a7d7b93fc9e6bd09da7a5ddc3137f6dca040d263ab7cbf2cbbf196
MetaBAT2-multisample	metabat2-multisample__012	bin.2.fa	65	2595739	59244	100.0	GCA_002952055.1	Desulfobulbus_oralis_sp._ONRL	2595739	100.0	0.0	2609947	2774417	94.07190771971193	HQ proxy	99.98	0.21	True	True	${ARTICLE42_WORK_DIR}/candidates/metabat2-multisample/metabat2-multisample__012.fna	622920d94808fdeba7db830f01281eaaf9dec649d07d9c8ca1d04986d796fa14
MetaBAT2-multisample	metabat2-multisample__013	bin.20.fa	262	2096622	11697	100.0	GCA_003019295.1	Fusobacterium_nucleatum_subsp._nucleatum_ATCC_25586	2065509	98.51604151821358	1.4839584817864164	2076599	2180101	95.25242179146746	HQ proxy	95.82	0.23	True	True	${ARTICLE42_WORK_DIR}/candidates/metabat2-multisample/metabat2-multisample__013.fna	fef9ca05fc3001568955367326c61f18e78bc3c4b98d7ff9ea838f5b360a5767
MetaBAT2-multisample	metabat2-multisample__014	bin.21.fa	37	1797649	88409	100.0	GCA_000018945.1	Thermotoga_neapolitana_DSM_4359	1790222	99.58684926812742	0.41315073187257667	1793652	1884562	95.17606743635922	HQ proxy	99.55	0.77	True	True	${ARTICLE42_WORK_DIR}/candidates/metabat2-multisample/metabat2-multisample__014.fna	3106af4a83c58d9c757865fdee6fb40f9c9134f3a1689d2a5eee4a3758a9e407
MetaBAT2-multisample	metabat2-multisample__015	bin.22.fa	220	452773	2080	100.0	GCA_000009705.1	Trichormus_sp._PCC_7120	441821	97.58112784993804	2.418872150061958	445520	7211789	6.177662713093797	Below MQ proxy	9.07	0.0	False	False	${ARTICLE42_WORK_DIR}/candidates/metabat2-multisample/metabat2-multisample__015.fna	42aab4388aceeeda3be2f4e81b65a76defc5532e0e10526ffc8df5d276e4cde1
MetaBAT2-multisample	metabat2-multisample__016	bin.23.fa	42	1245710	56733	100.0	GCA_000166095.1	Methanothermus_fervidus_DSM_2088	1207282	96.91517287330117	3.0848271266988263	1206470	1243342	97.03444426392738	HQ proxy	99.67	0.14	False	False	${ARTICLE42_WORK_DIR}/candidates/metabat2-multisample/metabat2-multisample__016.fna	f7a517e76fab62f622448d52fbaaab10e97ae3a379fcfc369adcc05701d34c11
MetaBAT2-multisample	metabat2-multisample__017	bin.24.fa	10	1727173	443866	100.0	GCA_000011105.1	Pyrococcus_horikoshii_OT3	1727173	100.0	0.0	1727077	1738505	99.34265360180154	HQ proxy	99.46	0.19	True	True	${ARTICLE42_WORK_DIR}/candidates/metabat2-multisample/metabat2-multisample__017.fna	455f49ec6b88b1b079e2906d65fe16e298a9daaab79ac5023cdfc98048cab0bd
MetaBAT2-multisample	metabat2-multisample__018	bin.25.fa	1024	5210977	6611	99.95536345679514	GCA_000017325.1	Shewanella_baltica_OS185	2907679	55.824031980641436	44.175968019358564	3991131	5312910	75.1213741621823	Below MQ proxy	99.55	6.95	True	True	${ARTICLE42_WORK_DIR}/candidates/metabat2-multisample/metabat2-multisample__018.fna	eb10464f9e951abd418634afd92c39455180c5d8326a5a6857468ec5de0b96a8
MetaBAT2-multisample	metabat2-multisample__019	bin.26.fa	13	4629413	432090	100.0	GCA_000010305.1	Gemmatimonas_aurantiaca_T-27	4629413	100.0	0.0	4630966	4636964	99.87064812234902	HQ proxy	99.95	0.8	True	True	${ARTICLE42_WORK_DIR}/candidates/metabat2-multisample/metabat2-multisample__019.fna	f5dd0161e09ab726d6aefd14d1b23818f2257496217572c8dd5eae2b1890a3bf
MetaBAT2-multisample	metabat2-multisample__020	bin.27.fa	22	385806	67932	100.0	GCA_000009705.1	Trichormus_sp._PCC_7120	371979	96.41607440008708	3.5839255999129165	420797	7211789	5.834849022898479	Below MQ proxy	5.47	0.08	False	False	${ARTICLE42_WORK_DIR}/candidates/metabat2-multisample/metabat2-multisample__020.fna	68872e66567bafe33de6c43b98197d24fe115ad5d70af4281a754b0a90167820
MetaBAT2-multisample	metabat2-multisample__021	bin.28.fa	41	1713679	82868	100.0	GCA_000016785.1	Thermotoga_petrophila_RKU-1	1712078	99.90657526876387	0.09342473123612649	1711060	1823511	93.83326999398413	HQ proxy	99.35	0.41	True	True	${ARTICLE42_WORK_DIR}/candidates/metabat2-multisample/metabat2-multisample__021.fna	2954bcf0b54026554032658ae8f6ba72d8bc747edc036d639fb198698f0ca955
MetaBAT2-multisample	metabat2-multisample__022	bin.29.fa	120	2022086	26973	100.0	GCA_000010505.1	Porphyromonas_gingivalis_ATCC_33277	2019899	99.89184436270267	0.10815563729732958	2037684	2354886	86.53004858833931	MQ proxy	96.25	0.61	True	True	${ARTICLE42_WORK_DIR}/candidates/metabat2-multisample/metabat2-multisample__022.fna	423db9b97f774417d6d1c2980d72787a667e1774bfd4d0ddf03fb8bceff7148d
MetaBAT2-multisample	metabat2-multisample__023	bin.3.fa	108	2055695	41813	99.91594083752697	GCA_001639275.1	Methanobrevibacter_oralis_DSM_7256	2038545	99.24916028349044	0.7508397165095602	2042324	2140433	95.41639472013372	HQ proxy	99.71	0.79	True	True	${ARTICLE42_WORK_DIR}/candidates/metabat2-multisample/metabat2-multisample__023.fna	3cd4aaad3d8fc666569fa198394440954364728ed6167563370cb97957455670
MetaBAT2-multisample	metabat2-multisample__024	bin.30.fa	78	2506842	58955	100.0	GCA_000020465.1	Chlorobium_limicola_DSM_245	2491690	99.39557419254983	0.6044258074501698	2506637	2763181	90.71562811122398	HQ proxy	100.0	0.25	True	True	${ARTICLE42_WORK_DIR}/candidates/metabat2-multisample/metabat2-multisample__024.fna	98f90aaa1fb8bbb19e5606f6db6db43f5d5db229d33008d122bf04bcd8dd4eed
MetaBAT2-multisample	metabat2-multisample__025	bin.31.fa	5	1893794	672984	100.0	GCA_000021565.1	Persephonella_marina_EX-H1	1893794	100.0	0.0	1894128	1983966	95.47179739975383	HQ proxy	98.88	0.44	True	True	${ARTICLE42_WORK_DIR}/candidates/metabat2-multisample/metabat2-multisample__025.fna	6368094fa97d5c7e70b54e062f6cda83c8571fab20175eca0d2ffea82607eaf6
MetaBAT2-multisample	metabat2-multisample__026	bin.32.fa	60	2156473	68740	100.0	GCA_000019085.1	Thermoanaerobacter_pseudethanolicus_ATCC_33223	2148307	99.62132611908426	0.3786738809157413	2160904	2362816	91.45460332078333	HQ proxy	99.99	0.34	True	True	${ARTICLE42_WORK_DIR}/candidates/metabat2-multisample/metabat2-multisample__026.fna	df31fe0e9bab5b3ea856f7ba2f31a59bb952b9909581435bd7837af609982beb
MetaBAT2-multisample	metabat2-multisample__027	bin.33.fa	241	5984631	50724	100.0	GCA_000018565.1	Herpetosiphon_aurantiacus_DSM_785	5984631	100.0	0.0	5993410	6785430	88.32763730522605	MQ proxy	99.91	0.41	True	True	${ARTICLE42_WORK_DIR}/candidates/metabat2-multisample/metabat2-multisample__027.fna	1fbb2098165e0f6b06d12849709e9a8e5c6eff30301e6d6b800f22d31299ad86
MetaBAT2-multisample	metabat2-multisample__028	bin.34.fa	196	1990526	14674	100.0	GCA_000006805.1	Halobacterium_salinarum_NRC-1	1990526	100.0	0.0	1983976	2571010	77.1671833248412	MQ proxy	88.85	0.02	True	True	${ARTICLE42_WORK_DIR}/candidates/metabat2-multisample/metabat2-multisample__028.fna	abc987f1a5e8904919ea4599b2cea19609a0832cb2e639df318ccb5ae00ecb9d
MetaBAT2-multisample	metabat2-multisample__029	bin.4.fa	3	205973	161417	100.0	GCA_000016545.1	Caldicellulosiruptor_saccharolyticus_DSM_8903	205973	100.0	0.0	229067	2970275	7.711979530514851	Below MQ proxy	10.42	0.0	True	False	${ARTICLE42_WORK_DIR}/candidates/metabat2-multisample/metabat2-multisample__029.fna	f064f8c8dfb8cad605b76934d85e3aacf0ffcb009dc2562119d547653030aad7
MetaBAT2-multisample	metabat2-multisample__030	bin.5.fa	69	416109	8323	100.0	GCA_000008085.1	Nanoarchaeum_equitans_Kin4-M	414524	99.61909019031071	0.38090980968928534	414408	490885	84.4205873065993	MQ proxy	87.32	0.21	True	True	${ARTICLE42_WORK_DIR}/candidates/metabat2-multisample/metabat2-multisample__030.fna	8552f3550b9bf3c62a4494c53e38cbd8c19ac1da654a8bfeabc498be0ea88589
MetaBAT2-multisample	metabat2-multisample__031	bin.6.fa	236	708248	3150	100.0	GCA_001481685.1	Ignicoccus_islandicus_DSM_13165	708248	100.0	0.0	707317	1394664	50.71594305151635	MQ proxy	43.18	0.0	True	False	${ARTICLE42_WORK_DIR}/candidates/metabat2-multisample/metabat2-multisample__031.fna	06c2c196a9e23c611fb2f6bda6286ad1523ac2d9ab28426ce678ce8c05c7d727
MetaBAT2-multisample	metabat2-multisample__032	bin.7.fa	502	1529683	3321	100.0	GCA_000006985.1	Chlorobaculum_tepidum_TLS	1384213	90.4901865288429	9.509813471157102	1382434	2154946	64.15167711859137	MQ proxy	68.6	2.07	False	False	${ARTICLE42_WORK_DIR}/candidates/metabat2-multisample/metabat2-multisample__032.fna	a01f9ba2a0ccffd524d8b837c1997eec22b0562768a7d750b94dd73fe8394487
MetaBAT2-multisample	metabat2-multisample__033	bin.8.fa	43	1733559	79303	100.0	GCA_000091665.1	Methanocaldococcus_jannaschii_DSM_2661	1719376	99.1818565159882	0.8181434840117987	1718750	1739927	98.7828799714011	HQ proxy	99.91	0.12	True	True	${ARTICLE42_WORK_DIR}/candidates/metabat2-multisample/metabat2-multisample__033.fna	e21379b05a2d8bfee13a32910f8ba4bbf89aa9f3f0c36ea9933e0e27cd5cf43b
MetaBAT2-multisample	metabat2-multisample__034	bin.9.fa	361	1116360	3424	100.0	GCA_000020785.1	Hydrogenobaculum_sp._Y04AAS1	1104867	98.97049338922928	1.0295066107707243	1109969	1559514	71.1740324229215	MQ proxy	68.85	1.62	True	True	${ARTICLE42_WORK_DIR}/candidates/metabat2-multisample/metabat2-multisample__034.fna	699fea31c0c36799573b4045f4fb1550021688c61f27e3392996e0c6624317bb
SemiBin2-self-supervised	semibin2__001	SemiBin2_0.fa	628	1373635	2114	99.74025123122227	GCA_000007565.2	Pseudomonas_putida_KT2440	1211225	88.4062604237603	11.593739576239699	1208394	6181873	19.547376660762847	Below MQ proxy	26.41	0.37	True	False	${ARTICLE42_WORK_DIR}/candidates/semibin2/semibin2__001.fna	dab07824d6df3f5890e9c804ccc8430f68c939f30374a954faba1f6560df2f0e
SemiBin2-self-supervised	semibin2__002	SemiBin2_1.fa	812	1980433	2452	99.64760231727102	GCA_000009225.1	Pseudomonas_fluorescens_SBW25	1718362	87.07383095830964	12.926169041690358	1712706	6722539	25.477070493752436	Below MQ proxy	31.5	0.93	True	False	${ARTICLE42_WORK_DIR}/candidates/semibin2/semibin2__002.fna	efe415350aef2c2c9191a54a51449c73f3022645f587a4862fbec333385fa04b
SemiBin2-self-supervised	semibin2__003	SemiBin2_10.fa	930	4868198	6789	99.95222051362742	GCA_000017325.1	Shewanella_baltica_OS185	2755898	56.637289266959755	43.362710733040245	3830210	5312910	72.09250674300901	Below MQ proxy	96.64	6.52	True	True	${ARTICLE42_WORK_DIR}/candidates/semibin2/semibin2__003.fna	78c23e33d72fa0f1f06f10d8f1bfb5f970bfc423ef0f3ff56e90f43665fbe8d9
SemiBin2-self-supervised	semibin2__004	SemiBin2_11.fa	258	2092156	11697	100.0	GCA_003019295.1	Fusobacterium_nucleatum_subsp._nucleatum_ATCC_25586	2080707	99.45276547255558	0.5472345274444166	2101640	2180101	96.4010383005191	HQ proxy	97.94	0.16	True	True	${ARTICLE42_WORK_DIR}/candidates/semibin2/semibin2__004.fna	fcf0a291bbda6a158ae8ac5c63a27fce28174e4127483269e42913d7dc3e9c77
SemiBin2-self-supervised	semibin2__005	SemiBin2_12.fa	145	291147	1934	100.0	GCA_000015805.1	Pyrobaculum_calidifontis_JCM_11548	291147	100.0	0.0	291823	2009313	14.52352122342313	Below MQ proxy	16.02	0.23	True	False	${ARTICLE42_WORK_DIR}/candidates/semibin2/semibin2__005.fna	712633a16786fde9c1b1f9d27c89e01d8425c6a932cefbb863b3f1d96609a712
SemiBin2-self-supervised	semibin2__006	SemiBin2_13.fa	471	1584296	3733	98.5405505031888	GCA_000016125.1	Methanococcus_maripaludis_C5	1458785	93.44153822700096	6.558461772999038	1439797	1789046	80.47847847400234	MQ proxy	77.56	6.8	True	True	${ARTICLE42_WORK_DIR}/candidates/semibin2/semibin2__006.fna	48dba4d41ba0ed8af00e5b22bcd50b6e0dc71214ddb5c86211435c1d83c1fedd
SemiBin2-self-supervised	semibin2__007	SemiBin2_14.fa	360	1112414	3426	100.0	GCA_000020785.1	Hydrogenobaculum_sp._Y04AAS1	1104516	99.29001253130579	0.7099874686942087	1109609	1559514	71.15094830825501	MQ proxy	68.71	1.64	True	True	${ARTICLE42_WORK_DIR}/candidates/semibin2/semibin2__007.fna	495f60d57ada83d59415627de2c9099658f5ca19387cd77f0a331e9fbc731b2f
SemiBin2-self-supervised	semibin2__008	SemiBin2_15.fa	182	356113	1892	100.0	GCA_000018865.1	Chloroflexus_aurantiacus_J-10-fl	342406	96.15094085304383	3.849059146956165	343132	5258541	6.525231998761634	Below MQ proxy	9.56	0.0	False	False	${ARTICLE42_WORK_DIR}/candidates/semibin2/semibin2__008.fna	ac199fe01edfea3f4ccc4b2bbc0cf61beba61fcf7ba625930cdd301cd97f299a
SemiBin2-self-supervised	semibin2__009	SemiBin2_16.fa	145	343168	2394	100.0	GCA_000009225.1	Pseudomonas_fluorescens_SBW25	179927	52.4311707385304	47.5688292614696	187497	6722539	2.7890801377277246	Below MQ proxy	5.79	0.0	False	False	${ARTICLE42_WORK_DIR}/candidates/semibin2/semibin2__009.fna	846009264f63b439dafaa1c3029c6b6fbb6fe83c8e80cc595151c97b366b2d1f
SemiBin2-self-supervised	semibin2__010	SemiBin2_17.fa	52	261126	8619	93.6658930937555	GCA_000006805.1	Halobacterium_salinarum_NRC-1	172757	70.63241559206169	29.36758440793831	172908	2571010	6.725294728530811	Below MQ proxy	5.8	0.02	False	False	${ARTICLE42_WORK_DIR}/candidates/semibin2/semibin2__010.fna	91485bb735e86a828acb4e7f5c8d208aa29c06c0ef42fff3298d9a4619f98a55
SemiBin2-self-supervised	semibin2__011	SemiBin2_18.fa	193	396988	1917	100.0	GCA_000020225.1	Akkermansia_muciniphila_ATCC_BAA-835	359642	90.59266275051135	9.407337249488648	362081	2664102	13.591108748839195	Below MQ proxy	11.72	0.25	False	False	${ARTICLE42_WORK_DIR}/candidates/semibin2/semibin2__011.fna	86fa83443afb06fb1fdfbad19395d97f19698a28bf2ae2aa94a8be4bd6812d91
SemiBin2-self-supervised	semibin2__012	SemiBin2_19.fa	42	1716008	82868	100.0	GCA_000016785.1	Thermotoga_petrophila_RKU-1	1714407	99.90670206665703	0.0932979333429671	1713389	1823511	93.96099063838935	HQ proxy	99.35	0.41	True	True	${ARTICLE42_WORK_DIR}/candidates/semibin2/semibin2__012.fna	caf3108ded790222573031333e70f6dc2a6594e067562b86d6bf73bd5c9a1845
SemiBin2-self-supervised	semibin2__013	SemiBin2_2.fa	188	373478	1918	100.0	GCA_000156375.1	Desulfovibrio_piger_ATCC_29098	370072	99.08803195904444	0.9119680409555571	364801	2867216	12.723178163068287	Below MQ proxy	11.75	0.0	False	False	${ARTICLE42_WORK_DIR}/candidates/semibin2/semibin2__013.fna	febc0270025a9ca8ca50b43783bdb3791475886aa4b078e822efffdf48f552ab
SemiBin2-self-supervised	semibin2__014	SemiBin2_20.fa	36	1794411	88409	100.0	GCA_000018945.1	Thermotoga_neapolitana_DSM_4359	1790222	99.76655292460869	0.23344707539131093	1790696	1884562	95.0192140136541	HQ proxy	99.51	0.78	True	True	${ARTICLE42_WORK_DIR}/candidates/semibin2/semibin2__014.fna	bee8606fdcf10e0f450ac8540edbc840da940977c5807f5cd26a3fabab1e1790
SemiBin2-self-supervised	semibin2__015	SemiBin2_21.fa	272	1083632	4753	100.0	GCA_000017945.1	Ignicoccus_hospitalis_KIN4_I	1083632	100.0	0.0	1079300	1297538	83.18060819798727	MQ proxy	78.95	0.29	True	True	${ARTICLE42_WORK_DIR}/candidates/semibin2/semibin2__015.fna	60f4d611291f401f2c8ee007c94b56e153df13a4e0cb5cc74eafab162a97cd33
SemiBin2-self-supervised	semibin2__016	SemiBin2_24.fa	536	1389652	2661	100.0	GCA_000015125.1	Chlorobium_phaeobacteroides_DSM_266	1311698	94.3903941418427	5.609605858157295	1328723	3133902	42.39835834049693	Below MQ proxy	52.55	0.4	False	False	${ARTICLE42_WORK_DIR}/candidates/semibin2/semibin2__016.fna	fb8ff0b2097e7fdee7b9c2ab2dc3ed342522309ab09f15fbe69bbb15c4c6e882
SemiBin2-self-supervised	semibin2__017	SemiBin2_25.fa	108	2059119	41813	99.91608061505916	GCA_001639275.1	Methanobrevibacter_oralis_DSM_7256	2048965	99.59045217948363	0.40954782051636585	2051732	2140433	95.8559319539551	HQ proxy	99.77	0.53	True	True	${ARTICLE42_WORK_DIR}/candidates/semibin2/semibin2__017.fna	1a09a0563a02613a9a3a019c646279358e7e96c0047b7459ce3bc90db1377407
SemiBin2-self-supervised	semibin2__018	SemiBin2_27.fa	324	946551	3170	100.0	GCA_001481685.1	Ignicoccus_islandicus_DSM_13165	930447	98.29866536509918	1.7013346349008174	929340	1394664	66.63540465660546	MQ proxy	59.51	0.0	True	True	${ARTICLE42_WORK_DIR}/candidates/semibin2/semibin2__018.fna	64d3c938ec6fec17483b576ac6f8466c9517b6bd2476f43804ba6aae73030f68
SemiBin2-self-supervised	semibin2__019	SemiBin2_29.fa	240	5942474	50724	100.0	GCA_000018565.1	Herpetosiphon_aurantiacus_DSM_785	5942474	100.0	0.0	5949907	6785430	87.68651360341201	MQ proxy	99.84	0.26	True	True	${ARTICLE42_WORK_DIR}/candidates/semibin2/semibin2__019.fna	498c6de4781ded3d0699fafc7de4f3ad4147e0ce4f301e2bbe714c534426778b
SemiBin2-self-supervised	semibin2__020	SemiBin2_30.fa	199	2000542	14503	100.0	GCA_000006805.1	Halobacterium_salinarum_NRC-1	2000542	100.0	0.0	1993774	2571010	77.54827869203153	MQ proxy	89.61	0.02	True	True	${ARTICLE42_WORK_DIR}/candidates/semibin2/semibin2__020.fna	5a24399386277d9a8baa1001aee0fb331f24d173be22d398dfc32b11e9741587
SemiBin2-self-supervised	semibin2__021	SemiBin2_31.fa	478	1443223	3321	100.0	GCA_000006985.1	Chlorobaculum_tepidum_TLS	1389547	96.28082423852725	3.719175761472755	1392378	2154946	64.61312719669077	MQ proxy	67.02	1.41	False	False	${ARTICLE42_WORK_DIR}/candidates/semibin2/semibin2__021.fna	9f1e6bb6b02f76c6a7b5dd39a3cbb8289a57e3f4dc586ad4bb4c0b12baf49bd5
SemiBin2-self-supervised	semibin2__022	SemiBin2_35.fa	371	734255	1935	100.0	GCA_000009705.1	Trichormus_sp._PCC_7120	714005	97.24210253930855	2.757897460691453	723594	7211789	10.03348822324114	Below MQ proxy	13.35	0.01	False	False	${ARTICLE42_WORK_DIR}/candidates/semibin2/semibin2__022.fna	9db3eb7d051e2307bb22311f9044f747b16653f5712a8345402236c46ba654d3
SemiBin2-self-supervised	semibin2__023	SemiBin2_36.fa	70	2625969	59244	100.0	GCA_002952055.1	Desulfobulbus_oralis_sp._ONRL	2625969	100.0	0.0	2641257	2774417	95.20043309999903	HQ proxy	99.98	0.21	True	True	${ARTICLE42_WORK_DIR}/candidates/semibin2/semibin2__023.fna	2580b58a3218f0dafa857976c91fa594af7266adba20fd6fa77a9e4e5bd73c01
SemiBin2-self-supervised	semibin2__024	SemiBin2_37.fa	123	236494	1775	100.0	GCA_000012825.1	Phocaeicola_vulgatus_ATCC_8482	171558	72.54222094429457	27.45777905570543	227802	5163189	4.412040698103439	Below MQ proxy	9.9	0.0	False	False	${ARTICLE42_WORK_DIR}/candidates/semibin2/semibin2__024.fna	e8d6049f6a7ce56a64713d90673d193b3b30abde10a72092a8835eb59e41aa98
SemiBin2-self-supervised	semibin2__025	SemiBin2_38.fa	70	582136	17583	100.0	GCA_000018565.1	Herpetosiphon_aurantiacus_DSM_785	568215	97.60863440845438	2.391365591545622	581420	6785430	8.568653718334726	Below MQ proxy	6.55	0.0	False	False	${ARTICLE42_WORK_DIR}/candidates/semibin2/semibin2__025.fna	425736ffbad79f3c8996affa9bd7d393266b78e36da213707ef3a426b96857ed
SemiBin2-self-supervised	semibin2__026	SemiBin2_4.fa	219	664498	3064	99.68111265948129	GCA_000017325.1	Shewanella_baltica_OS185	300602	45.382175461480514	54.617824538519486	319871	5312910	6.020636524992895	Below MQ proxy	11.73	0.43	False	False	${ARTICLE42_WORK_DIR}/candidates/semibin2/semibin2__026.fna	2edb959e0543cba6b572adfccfd448dbf55fa6c0ac889302df46afda32635f2e
SemiBin2-self-supervised	semibin2__027	SemiBin2_40.fa	104	2621240	58864	100.0	GCA_000020465.1	Chlorobium_limicola_DSM_245	2557441	97.56607559780868	2.433924402191323	2568954	2763181	92.97089115769109	HQ proxy	100.0	1.92	True	True	${ARTICLE42_WORK_DIR}/candidates/semibin2/semibin2__027.fna	93dfd838854ebc1197c9acb2479ca104b424b8e539e76c41f24371978f0347d1
SemiBin2-self-supervised	semibin2__028	SemiBin2_41.fa	91	2522617	67277	100.0	GCA_000016545.1	Caldicellulosiruptor_saccharolyticus_DSM_8903	2505973	99.34020899724374	0.6597910027562648	2510187	2970275	84.51025578439707	MQ proxy	88.16	0.07	True	True	${ARTICLE42_WORK_DIR}/candidates/semibin2/semibin2__028.fna	d0806cd2d5c6eaba589d1025958e33c8f85555c72684841b4935a7ca69dced64
SemiBin2-self-supervised	semibin2__029	SemiBin2_44.fa	73	2622359	47024	100.0	GCA_000009145.1	Nitrosomonas_europaea_ATCC_19718	2609241	99.49976338098635	0.5002366190136485	2673135	2812094	95.05852222578619	HQ proxy	99.99	0.28	True	True	${ARTICLE42_WORK_DIR}/candidates/semibin2/semibin2__029.fna	cfaae9ef674d5dacc09b23a650675e377dfdfc1b13af9a0002416e067fecf7e6
SemiBin2-self-supervised	semibin2__030	SemiBin2_47.fa	64	2211895	68740	100.0	GCA_000019085.1	Thermoanaerobacter_pseudethanolicus_ATCC_33223	2149789	97.19218136484778	2.8078186351522163	2162251	2362816	91.51161156856902	HQ proxy	99.99	0.44	True	True	${ARTICLE42_WORK_DIR}/candidates/semibin2/semibin2__030.fna	a7fe709ab575ab387dd9bc6277cb8921a770979c6d87ea2543ff64c7e11c0e0f
SemiBin2-self-supervised	semibin2__031	SemiBin2_51.fa	73	426162	8280	100.0	GCA_000008085.1	Nanoarchaeum_equitans_Kin4-M	419243	98.37643900676268	1.6235609932373194	419127	490885	85.38191226050908	MQ proxy	86.5	0.19	True	True	${ARTICLE42_WORK_DIR}/candidates/semibin2/semibin2__031.fna	70f4058f8c2c5078c9371d9c1d17094394e637088f47fc250a8e44e22f4232bd
SemiBin2-self-supervised	semibin2__032	SemiBin2_55.fa	43	1255643	56733	100.0	GCA_000166095.1	Methanothermus_fervidus_DSM_2088	1221036	97.24388221811455	2.7561177818854503	1220083	1243342	98.12931598868212	HQ proxy	99.74	0.14	False	False	${ARTICLE42_WORK_DIR}/candidates/semibin2/semibin2__032.fna	622055352896c8bf3ef0de86e566867b378a9b095b3bced0fe3721819a43be2a
SemiBin2-self-supervised	semibin2__033	SemiBin2_56.fa	6	246193	161417	100.0	GCA_000016545.1	Caldicellulosiruptor_saccharolyticus_DSM_8903	246193	100.0	0.0	340529	2970275	11.464561362163437	Below MQ proxy	10.14	0.0	True	False	${ARTICLE42_WORK_DIR}/candidates/semibin2/semibin2__033.fna	5762e625389f208f086f96d893a7a586fcc2dd15c360b785e1de62a33628dd57
SemiBin2-self-supervised	semibin2__034	SemiBin2_59.fa	22	393629	67932	100.0	GCA_000009705.1	Trichormus_sp._PCC_7120	392115	99.61537386727096	0.3846261327290392	434535	7211789	6.0253426715618	Below MQ proxy	5.4	0.05	True	False	${ARTICLE42_WORK_DIR}/candidates/semibin2/semibin2__034.fna	55bdcdcf0050764eb254d1fa47370827fbfbe56f744527b3ca5570f10ab2e87d
SemiBin2-self-supervised	semibin2__035	SemiBin2_6.fa	647	6738167	15929	100.0	GCA_000196115.1	Rhodopirellula_baltica_SH_1	6736475	99.97488931336964	0.025110686630355872	6759086	7145576	94.59119880608645	HQ proxy	97.31	3.96	True	True	${ARTICLE42_WORK_DIR}/candidates/semibin2/semibin2__035.fna	c88b96aba4e98f6bf1cc88939d5d7ff023ce8a71ec9fccf55cbbbf9345ed600f
SemiBin2-self-supervised	semibin2__036	SemiBin2_63.fa	52	1901513	48108	100.0	GCA_000016085.1	Chlorobium_phaeovibrioides_DSM_265	1894284	99.61982905191813	0.3801709480818687	1895328	1966858	96.3632351700021	HQ proxy	100.0	0.22	True	True	${ARTICLE42_WORK_DIR}/candidates/semibin2/semibin2__036.fna	a6ba418663d08d660e392207b0627cf7323b5fef83965ec37e687f197920b37f
SemiBin2-self-supervised	semibin2__037	SemiBin2_64.fa	223	527967	2396	97.35172842242034	GCA_000009225.1	Pseudomonas_fluorescens_SBW25	291547	56.722861562107845	43.277138437892155	291415	6722539	4.334894896109937	Below MQ proxy	14.24	0.87	True	False	${ARTICLE42_WORK_DIR}/candidates/semibin2/semibin2__037.fna	3fd5d8ea89e0c523f09d914ee6d35780676ad80559dd58b43953dc76fb51d0f6
SemiBin2-self-supervised	semibin2__038	SemiBin2_7.fa	43	1727858	79303	100.0	GCA_000091665.1	Methanocaldococcus_jannaschii_DSM_2661	1726211	99.90467966696337	0.09532033303662502	1725585	1739927	99.17571254426191	HQ proxy	99.92	0.12	True	True	${ARTICLE42_WORK_DIR}/candidates/semibin2/semibin2__038.fna	7e764b2ccf81fc2b0d23d77ec6f43e2b6aae6da537e47c95d0f9002335229dc2
SemiBin2-self-supervised	semibin2__039	SemiBin2_79.fa	13	1734578	443866	100.0	GCA_000011105.1	Pyrococcus_horikoshii_OT3	1732760	99.89519064579396	0.10480935420603998	1732116	1738505	99.63250033793403	HQ proxy	99.47	0.19	True	True	${ARTICLE42_WORK_DIR}/candidates/semibin2/semibin2__039.fna	de9ebb57e77bbd937144700aabc6231a2c50da8c429c824fb3c5ce40d88f3bff
SemiBin2-self-supervised	semibin2__040	SemiBin2_8.fa	128	2050369	26973	100.0	GCA_000010505.1	Porphyromonas_gingivalis_ATCC_33277	2050369	100.0	0.0	2055997	2354886	87.30770831369331	MQ proxy	98.03	0.56	True	True	${ARTICLE42_WORK_DIR}/candidates/semibin2/semibin2__040.fna	d0e99a37eb39dac8f3a4574c737b55b579aa992aeab92c84608e635d3396338e
SemiBin2-self-supervised	semibin2__041	SemiBin2_89.fa	20	4666117	432090	100.0	GCA_000010305.1	Gemmatimonas_aurantiaca_T-27	4632869	99.28745892998397	0.7125410700160302	4634300	4636964	99.94254861586158	HQ proxy	99.96	0.92	True	True	${ARTICLE42_WORK_DIR}/candidates/semibin2/semibin2__041.fna	08121832745e4f768a4a9bf398da84c647cd59125a3a033b3a1d76c71aa9d758
SemiBin2-self-supervised	semibin2__042	SemiBin2_9.fa	242	542601	2175	100.0	GCA_000009225.1	Pseudomonas_fluorescens_SBW25	441838	81.42963245552441	18.570367544475587	439959	6722539	6.544536223590521	Below MQ proxy	8.29	0.04	False	False	${ARTICLE42_WORK_DIR}/candidates/semibin2/semibin2__042.fna	eda38474e3705361f0943790b79537290bd7804dc4494688266700061ee6344c
SemiBin2-self-supervised	semibin2__043	SemiBin2_92.fa	8	1920309	672984	100.0	GCA_000021565.1	Persephonella_marina_EX-H1	1918502	99.90590056079516	0.09409943920483954	1918836	1983966	96.71718164524997	HQ proxy	100.0	0.48	True	True	${ARTICLE42_WORK_DIR}/candidates/semibin2/semibin2__043.fna	f9cb447c36eebe1ad17d2c773f6fc751e2e9892b50c0415deed4835901794c1b
VAMB-taxonomy-free	vamb__001	1.fna	13	4629413	432090	100.0	GCA_000010305.1	Gemmatimonas_aurantiaca_T-27	4629413	100.0	0.0	4630966	4636964	99.87064812234902	HQ proxy	99.95	0.8	True	True	${ARTICLE42_WORK_DIR}/candidates/vamb/vamb__001.fna	f5dd0161e09ab726d6aefd14d1b23818f2257496217572c8dd5eae2b1890a3bf
VAMB-taxonomy-free	vamb__002	10.fna	54	1906417	48108	100.0	GCA_000016085.1	Chlorobium_phaeovibrioides_DSM_265	1887840	99.02555422029913	0.9744457797008721	1888990	1966858	96.04099533367432	HQ proxy	100.0	0.05	True	True	${ARTICLE42_WORK_DIR}/candidates/vamb/vamb__002.fna	dc2d5759242402e7bb00c52c04fa147df5107bd63764d03f96bde339396faa7a
VAMB-taxonomy-free	vamb__003	11.fna	123	2046752	26973	100.0	GCA_000010505.1	Porphyromonas_gingivalis_ATCC_33277	2026676	99.0191288441394	0.9808711558605978	2032079	2354886	86.29203282027241	MQ proxy	97.39	1.36	True	True	${ARTICLE42_WORK_DIR}/candidates/vamb/vamb__003.fna	f324b1b99ca8e24fcdbe7a1828d9c4d199c931e27a0af728d4c7e2f542fef4ca
VAMB-taxonomy-free	vamb__004	12.fna	558	6462447	16960	100.0	GCA_000196115.1	Rhodopirellula_baltica_SH_1	6462447	100.0	0.0	6488538	7145576	90.80496799698163	HQ proxy	93.45	3.44	True	True	${ARTICLE42_WORK_DIR}/candidates/vamb/vamb__004.fna	744aa1792fd9ca76bac57148f882a90008271f497283de0b0fc93dbd99366e3a
VAMB-taxonomy-free	vamb__005	13.fna	192	1968516	14674	100.0	GCA_000006805.1	Halobacterium_salinarum_NRC-1	1968516	100.0	0.0	1962473	2571010	76.33081940560325	MQ proxy	87.98	0.01	True	True	${ARTICLE42_WORK_DIR}/candidates/vamb/vamb__005.fna	fbee68c931193826e3d2eb437061da4c13287617b8e58c3a39bde50ea55c086f
VAMB-taxonomy-free	vamb__006	14.fna	223	1978493	13059	100.0	GCA_003019295.1	Fusobacterium_nucleatum_subsp._nucleatum_ATCC_25586	1975040	99.82547322633944	0.1745267736605598	1978362	2180101	90.74634615552215	HQ proxy	93.21	0.21	True	True	${ARTICLE42_WORK_DIR}/candidates/vamb/vamb__006.fna	958339fe9803be02e7bd8ffe384706323cd49551ea4cd29a9d1edcb60663cbd3
VAMB-taxonomy-free	vamb__007	1481.fna	279	807066	3150	100.0	GCA_001481685.1	Ignicoccus_islandicus_DSM_13165	782734	96.98512884943734	3.014871150562655	781827	1394664	56.058448486517186	MQ proxy	52.28	0.05	False	False	${ARTICLE42_WORK_DIR}/candidates/vamb/vamb__007.fna	5d0291374f0f0584d1d1c3416c9bd1136ae452de9a5389f099281129ccd5ba3a
VAMB-taxonomy-free	vamb__008	17.fna	65	406209	8323	100.0	GCA_000008085.1	Nanoarchaeum_equitans_Kin4-M	404481	99.57460322149436	0.42539677850564317	404369	490885	82.37550546462002	MQ proxy	85.54	0.23	True	True	${ARTICLE42_WORK_DIR}/candidates/vamb/vamb__008.fna	6500166deb36cd5e788658404a74f7d8dfaf258c82348e8d05648a68eb68ee8c
VAMB-taxonomy-free	vamb__009	2.fna	6	1910339	672984	100.0	GCA_000021565.1	Persephonella_marina_EX-H1	1910339	100.0	0.0	1910673	1983966	96.30573306195771	HQ proxy	100.0	0.48	True	True	${ARTICLE42_WORK_DIR}/candidates/vamb/vamb__009.fna	35d7b3ed3d8295ebdcd0d79fd512e3efee1582f24cc36bb8179807815f1dd6aa
VAMB-taxonomy-free	vamb__010	26.fna	262	1074998	4901	100.0	GCA_000017945.1	Ignicoccus_hospitalis_KIN4_I	1048973	97.57906526337723	2.420934736622769	1047453	1297538	80.72619067803795	MQ proxy	77.28	1.75	True	True	${ARTICLE42_WORK_DIR}/candidates/vamb/vamb__010.fna	f980277024b8c2ba0c16d28d37df931ac10f80c46708d44c8ba017b76dabb221
VAMB-taxonomy-free	vamb__011	2830.fna	108	214423	1878	100.0	GCA_000015805.1	Pyrobaculum_calidifontis_JCM_11548	214423	100.0	0.0	215305	2009313	10.715353954311748	Below MQ proxy	11.05	0.12	True	False	${ARTICLE42_WORK_DIR}/candidates/vamb/vamb__011.fna	f594b67edd3c43cbe2dc19e4cf390b03be9ad365f0115e772232ca31596231a7
VAMB-taxonomy-free	vamb__012	3.fna	10	1727173	443866	100.0	GCA_000011105.1	Pyrococcus_horikoshii_OT3	1727173	100.0	0.0	1727077	1738505	99.34265360180154	HQ proxy	99.46	0.19	True	True	${ARTICLE42_WORK_DIR}/candidates/vamb/vamb__012.fna	455f49ec6b88b1b079e2906d65fe16e298a9daaab79ac5023cdfc98048cab0bd
VAMB-taxonomy-free	vamb__013	4.fna	94	3591739	82868	100.0	GCA_000018945.1	Thermotoga_neapolitana_DSM_4359	1803216	50.20453880418371	49.79546119581629	1865014	1884562	98.96272980140743	Below MQ proxy	100.0	89.55	True	False	${ARTICLE42_WORK_DIR}/candidates/vamb/vamb__013.fna	5bc446f40743247dc880d4a3ee96a87454aa3b8e176223d12f116bcbb26b2c46
VAMB-taxonomy-free	vamb__014	44.fna	13	262208	29289	100.0	GCA_000018565.1	Herpetosiphon_aurantiacus_DSM_785	262208	100.0	0.0	265739	6785430	3.916317757312359	Below MQ proxy	3.85	0.0	True	False	${ARTICLE42_WORK_DIR}/candidates/vamb/vamb__014.fna	8599fc87d67257cd6fb206ca80b8eefaa97f10262acfe558343618e5269a8045
VAMB-taxonomy-free	vamb__015	4415.fna	119	498294	4690	100.0	GCA_000006985.1	Chlorobaculum_tepidum_TLS	492214	98.77983680317243	1.2201631968275706	491988	2154946	22.830641695894005	Below MQ proxy	26.89	0.01	True	False	${ARTICLE42_WORK_DIR}/candidates/vamb/vamb__015.fna	139a2a9a7f0773ceeef13fb9009944109e20a3a2956d92c2dc5d47731eda4b85
VAMB-taxonomy-free	vamb__016	46.fna	890	4949456	6991	100.0	GCA_000017325.1	Shewanella_baltica_OS185	2547480	51.46989891414329	48.53010108585671	3620737	5312910	68.14978985151264	Below MQ proxy	96.95	6.55	False	False	${ARTICLE42_WORK_DIR}/candidates/vamb/vamb__016.fna	7300b6988805cc12fdb4983216e869618df1aa5be698ece1df07152cbdaa2434
VAMB-taxonomy-free	vamb__017	4612.fna	192	362668	1813	99.04347778133169	GCA_000009705.1	Trichormus_sp._PCC_7120	221967	61.79499386134148	38.20500613865852	222117	7211789	3.079915399632463	Below MQ proxy	8.08	0.01	False	False	${ARTICLE42_WORK_DIR}/candidates/vamb/vamb__017.fna	76d2692d664497d15e04a630367f82e4c720ec8cb7510b4db18ebbc1fc64da08
VAMB-taxonomy-free	vamb__018	4670.fna	106	219307	2033	99.16828920189506	GCA_000007565.2	Pseudomonas_putida_KT2440	121591	55.90827788838668	44.09172211161332	121048	6181873	1.9581120479181633	Below MQ proxy	6.14	0.0	False	False	${ARTICLE42_WORK_DIR}/candidates/vamb/vamb__018.fna	41ee02b0de4313c7aa0b3bda9cdb52e88807f35433874ba6a7b76ae38e31ec47
VAMB-taxonomy-free	vamb__019	47.fna	109	386401	4040	100.0	GCA_000196115.1	Rhodopirellula_baltica_SH_1	386401	100.0	0.0	386137	7145576	5.4038610743206705	Below MQ proxy	5.1	0.0	True	False	${ARTICLE42_WORK_DIR}/candidates/vamb/vamb__019.fna	a1fcf55b7fa99dbac3a8d655329d131efcfdf12a2e79c43f3a712ba37462480d
VAMB-taxonomy-free	vamb__020	49.fna	326	1039774	3534	100.0	GCA_000020785.1	Hydrogenobaculum_sp._Y04AAS1	1030397	99.098169409891	0.9018305901090002	1031448	1559514	66.13906640145584	MQ proxy	62.93	1.76	True	True	${ARTICLE42_WORK_DIR}/candidates/vamb/vamb__020.fna	4cfe2d75edb822f3d442654c491657c2b00c9be013f47bce8baa8a4e236c5e85
VAMB-taxonomy-free	vamb__021	5.fna	197	5692387	52893	100.0	GCA_000018565.1	Herpetosiphon_aurantiacus_DSM_785	5692387	100.0	0.0	5699153	6785430	83.99103667711553	MQ proxy	99.41	0.42	True	True	${ARTICLE42_WORK_DIR}/candidates/vamb/vamb__021.fna	84d4450abe573f4add041e5658d14e24c0e6cc73eacc7defa3fa9e292c851036
VAMB-taxonomy-free	vamb__022	6.fna	74	2640305	47024	100.0	GCA_000009145.1	Nitrosomonas_europaea_ATCC_19718	2631569	99.66912913470225	0.33087086529775434	2676420	2812094	95.17533908894937	HQ proxy	100.0	0.05	True	True	${ARTICLE42_WORK_DIR}/candidates/vamb/vamb__022.fna	1033879afffd50fc14ad3ed2924d7f01c66a3acf25e0a7ce94390fdd4ba69c62
VAMB-taxonomy-free	vamb__023	7.fna	72	2559549	58864	100.0	GCA_000020465.1	Chlorobium_limicola_DSM_245	2522720	98.56111369620194	1.438886303798057	2538276	2763181	91.86064901285873	HQ proxy	99.99	0.56	True	True	${ARTICLE42_WORK_DIR}/candidates/vamb/vamb__023.fna	8c7156c12a9cafb268897c1df812c1d4f3d3db9c98eb126b4e188a8d2ff717d1
VAMB-taxonomy-free	vamb__024	751.fna	408	1426167	3843	99.03160008610492	GCA_000016125.1	Methanococcus_maripaludis_C5	1344246	95.17756146467322	4.822438535326782	1323299	1789046	73.96673981552179	MQ proxy	72.69	3.61	False	False	${ARTICLE42_WORK_DIR}/candidates/vamb/vamb__024.fna	bc343c1c6a69c40869a592c2ad2bce68df4dd3ac468742615ce3986365781b54
VAMB-taxonomy-free	vamb__025	8.fna	67	2614762	59244	100.0	GCA_002952055.1	Desulfobulbus_oralis_sp._ONRL	2614762	100.0	0.0	2628685	2774417	94.74729285467902	HQ proxy	99.95	0.2	True	True	${ARTICLE42_WORK_DIR}/candidates/vamb/vamb__025.fna	849765cc3b4b150397a555232e8402b8fcbe57eb987e4189d5953443ed10ea71
VAMB-taxonomy-free	vamb__026	9.fna	555	11267614	54662	99.93028692676195	GCA_000016545.1	Caldicellulosiruptor_saccharolyticus_DSM_8903	2829095	25.12571539053367	74.87428460946633	2939330	2970275	98.95817727314811	Below MQ proxy	100.0	156.78	False	False	${ARTICLE42_WORK_DIR}/candidates/vamb/vamb__026.fna	38214cccd2068d078e441708c22eb885fb4637b14be10a6a15a08e92d209c593
TaxVAMB-Kraken2	taxvamb__001	1.fna	5	2361972	509735	100.0	GCA_000010305.1	Gemmatimonas_aurantiaca_T-27	2361972	100.0	0.0	2363891	4636964	50.97928299637435	MQ proxy	46.29	0.61	True	False	${ARTICLE42_WORK_DIR}/candidates/taxvamb/taxvamb__001.fna	14ab9f5f65bf7e6d757969e9efab9847e026b8f792d5f826c4377529d60d1271
TaxVAMB-Kraken2	taxvamb__002	10.fna	101	2736388	55634	100.0	GCA_000020465.1	Chlorobium_limicola_DSM_245	2664145	97.3599138718632	2.640086128136801	2687145	2763181	97.24824396230287	HQ proxy	100.0	0.59	True	True	${ARTICLE42_WORK_DIR}/candidates/taxvamb/taxvamb__002.fna	9290e20c72da17b77d6001f47cdcedc754568ccc55e05942fe9093f634e183b0
TaxVAMB-Kraken2	taxvamb__003	100.fna	193	375739	1867	100.0	GCA_000018865.1	Chloroflexus_aurantiacus_J-10-fl	372574	99.15765997141632	0.8423400285836777	372558	5258541	7.08481687220847	Below MQ proxy	10.26	0.0	True	False	${ARTICLE42_WORK_DIR}/candidates/taxvamb/taxvamb__003.fna	c5c18b68090e6e31a9a932738f363d0814317f41c5254b26fb1f4ab363802e97
TaxVAMB-Kraken2	taxvamb__004	11.fna	79	2656340	56680	100.0	GCA_002952055.1	Desulfobulbus_oralis_sp._ONRL	2656340	100.0	0.0	2676861	2774417	96.4837297349317	HQ proxy	99.98	0.21	True	True	${ARTICLE42_WORK_DIR}/candidates/taxvamb/taxvamb__004.fna	46f2c255c2b721603c0d505f37823bb402a4c0d17840d30f5de1afb2500392fa
TaxVAMB-Kraken2	taxvamb__005	1158.fna	188	360205	1844	100.0	GCA_000020225.1	Akkermansia_muciniphila_ATCC_BAA-835	355202	98.61106869699199	1.3889313030080075	353845	2664102	13.281961426401843	Below MQ proxy	11.3	0.23	True	False	${ARTICLE42_WORK_DIR}/candidates/taxvamb/taxvamb__005.fna	436c425310c24108c7f796e61a7cdc58a804c649c121a7f6b2c41e3fcadcf2de
TaxVAMB-Kraken2	taxvamb__006	12.fna	254	6479920	58018	99.90544636353535	GCA_000016545.1	Caldicellulosiruptor_saccharolyticus_DSM_8903	2815151	43.485341591861214	56.514658408138786	2926063	2970275	98.51151829376067	Below MQ proxy	100.0	157.45	False	False	${ARTICLE42_WORK_DIR}/candidates/taxvamb/taxvamb__006.fna	d11f1f3cddf58057900b53d1988747dc38c32ee50b6d1960866b57a7945bd1ee
TaxVAMB-Kraken2	taxvamb__007	13.fna	48	1859642	48450	100.0	GCA_000016085.1	Chlorobium_phaeovibrioides_DSM_265	1859642	100.0	0.0	1860792	1966858	94.60733820133431	HQ proxy	100.0	0.06	True	True	${ARTICLE42_WORK_DIR}/candidates/taxvamb/taxvamb__007.fna	ce8e021af9fa69702a64dde572c32832261e73f2f9da67008e0a4cccb395b33d
TaxVAMB-Kraken2	taxvamb__008	14.fna	83	1937978	44823	100.0	GCA_001639275.1	Methanobrevibacter_oralis_DSM_7256	1937978	100.0	0.0	1943377	2140433	90.79363848342835	HQ proxy	99.41	0.33	True	True	${ARTICLE42_WORK_DIR}/candidates/taxvamb/taxvamb__008.fna	0c9920d688c8e18cd58113f4ed884bd72d1ed75f63b9b099fc45adee9f24da52
TaxVAMB-Kraken2	taxvamb__009	1409.fna	181	352111	1828	100.0	GCA_000156375.1	Desulfovibrio_piger_ATCC_29098	348706	99.03297539696288	0.9670246030371175	343477	2867216	11.979460215065764	Below MQ proxy	11.01	0.0	False	False	${ARTICLE42_WORK_DIR}/candidates/taxvamb/taxvamb__009.fna	1d8c3d2d42d16a524c9dba8a72834879ced9c4ce41d99c0997203eb05d0364dc
TaxVAMB-Kraken2	taxvamb__010	15.fna	24	399999	67932	100.0	GCA_000009705.1	Trichormus_sp._PCC_7120	393836	98.45924614811537	1.5407538518846309	435974	7211789	6.045296111686018	Below MQ proxy	5.38	0.05	True	False	${ARTICLE42_WORK_DIR}/candidates/taxvamb/taxvamb__010.fna	61d25eeddec4636b6d16320991bba402dc6a7651c50883ba234b32e4253310c3
TaxVAMB-Kraken2	taxvamb__011	16.fna	550	6370188	17235	100.0	GCA_000196115.1	Rhodopirellula_baltica_SH_1	6366649	99.94444433979028	0.055555660209719804	6411851	7145576	89.73175850344325	MQ proxy	91.95	3.3	True	True	${ARTICLE42_WORK_DIR}/candidates/taxvamb/taxvamb__011.fna	7d631028c53dea07b1c534f6320628154f0f8ef51da8100d41ae156e11928095
TaxVAMB-Kraken2	taxvamb__012	17.fna	117	2022800	26973	100.0	GCA_000010505.1	Porphyromonas_gingivalis_ATCC_33277	2022800	100.0	0.0	2028346	2354886	86.1335113461968	MQ proxy	95.95	0.54	True	True	${ARTICLE42_WORK_DIR}/candidates/taxvamb/taxvamb__012.fna	04c0bf37cc10d5f3bca4423bff72918e20ca604ecbaa7fdfe676afaca1ef3b52
TaxVAMB-Kraken2	taxvamb__013	18.fna	194	1963322	14759	100.0	GCA_000006805.1	Halobacterium_salinarum_NRC-1	1963322	100.0	0.0	1956782	2571010	76.1094667076363	MQ proxy	88.43	0.02	True	True	${ARTICLE42_WORK_DIR}/candidates/taxvamb/taxvamb__013.fna	076b2070c4713fe54b659398d012c4567a252186d70d94f0e361ffc997441c91
TaxVAMB-Kraken2	taxvamb__014	19.fna	227	1982480	12924	100.0	GCA_003019295.1	Fusobacterium_nucleatum_subsp._nucleatum_ATCC_25586	1977761	99.76196481175094	0.23803518824905723	1980932	2180101	90.86423060216018	HQ proxy	93.15	0.16	True	True	${ARTICLE42_WORK_DIR}/candidates/taxvamb/taxvamb__014.fna	cd1ed92161dfc2d6222de377fb8a1c49d1a78b2c48c7df4f6e9f329e0beed200
TaxVAMB-Kraken2	taxvamb__015	2.fna	6	1910339	672984	100.0	GCA_000021565.1	Persephonella_marina_EX-H1	1910339	100.0	0.0	1910673	1983966	96.30573306195771	HQ proxy	100.0	0.48	True	True	${ARTICLE42_WORK_DIR}/candidates/taxvamb/taxvamb__015.fna	35d7b3ed3d8295ebdcd0d79fd512e3efee1582f24cc36bb8179807815f1dd6aa
TaxVAMB-Kraken2	taxvamb__016	21.fna	16	280186	26708	100.0	GCA_000018565.1	Herpetosiphon_aurantiacus_DSM_785	278588	99.4296645799576	0.5703354200423973	280412	6785430	4.132560500955725	Below MQ proxy	4.59	0.0	True	False	${ARTICLE42_WORK_DIR}/candidates/taxvamb/taxvamb__016.fna	382aa2f6c89abb8ac85d2ed370c596f7c7bfe9f1418725344c23a89e2ded0f31
TaxVAMB-Kraken2	taxvamb__017	2409.fna	340	899532	2801	100.0	GCA_000015125.1	Chlorobium_phaeobacteroides_DSM_266	867117	96.39645949226932	3.603540507730685	868944	3133902	27.72722312312255	Below MQ proxy	32.13	0.05	False	False	${ARTICLE42_WORK_DIR}/candidates/taxvamb/taxvamb__017.fna	4156da15e1925d2e8a8a741a77497bbd595227f3cc17a5d9a6bcf31a7623c9d7
TaxVAMB-Kraken2	taxvamb__018	2411.fna	108	323653	2988	99.28132907774685	GCA_000017325.1	Shewanella_baltica_OS185	199595	62.11585083108484	37.88414916891516	210143	5312910	3.9553276829458808	Below MQ proxy	6.92	0.02	False	False	${ARTICLE42_WORK_DIR}/candidates/taxvamb/taxvamb__018.fna	44f7f0f70bf515eb88fd5f71d1b29ceb48a657f2fa491d05368f5bc5f5146abc
TaxVAMB-Kraken2	taxvamb__019	2424.fna	277	537045	1916	100.0	GCA_000009705.1	Trichormus_sp._PCC_7120	522049	97.2076827826346	2.792317217365394	521537	7211789	7.231728493443167	Below MQ proxy	9.88	0.0	False	False	${ARTICLE42_WORK_DIR}/candidates/taxvamb/taxvamb__019.fna	69aec7f5dbe6465a49c32cde3bbed5b176e44fabf486a62baa5cd639c1c04ba7
TaxVAMB-Kraken2	taxvamb__020	25.fna	26	219932	15332	93.6925958932761	GCA_000006805.1	Halobacterium_salinarum_NRC-1	206060	100.0	0.0	206211	2571010	8.020622245732222	Below MQ proxy	4.38	0.02	True	False	${ARTICLE42_WORK_DIR}/candidates/taxvamb/taxvamb__020.fna	25225db7578fb898c893751f154d8a1c13bf1b6d05a85b9fa95fa067af6fa6a7
TaxVAMB-Kraken2	taxvamb__021	26.fna	266	1075080	4771	100.0	GCA_000017945.1	Ignicoccus_hospitalis_KIN4_I	1069338	99.46590021207724	0.5340997879227558	1067736	1297538	82.28938189093499	MQ proxy	77.72	0.36	True	True	${ARTICLE42_WORK_DIR}/candidates/taxvamb/taxvamb__021.fna	fdd058e68d0bf277cec8048fdc0b1b13bd32b7f99fc9ccf7974b9d78702fecc6
TaxVAMB-Kraken2	taxvamb__022	3.fna	12	1732760	443866	100.0	GCA_000011105.1	Pyrococcus_horikoshii_OT3	1732760	100.0	0.0	1732116	1738505	99.63250033793403	HQ proxy	99.47	0.19	True	True	${ARTICLE42_WORK_DIR}/candidates/taxvamb/taxvamb__022.fna	1318b9b25375182e9ed3b9c362fbae1afbf07c55ee4b02c9526d36613dd8a11f
TaxVAMB-Kraken2	taxvamb__023	33.fna	133	538667	4549	100.0	GCA_000196115.1	Rhodopirellula_baltica_SH_1	538667	100.0	0.0	538304	7145576	7.533388491004784	Below MQ proxy	7.06	0.01	True	False	${ARTICLE42_WORK_DIR}/candidates/taxvamb/taxvamb__023.fna	1a15e750e3247d210ffaaa6b9f78c9d8c8a140d25d00a6cb047f5fa45534dd49
TaxVAMB-Kraken2	taxvamb__024	38.fna	378	1174271	3426	100.0	GCA_000020785.1	Hydrogenobaculum_sp._Y04AAS1	1114833	94.9383064045693	5.061693595430697	1124968	1559514	72.13580641148461	MQ proxy	71.45	1.57	False	False	${ARTICLE42_WORK_DIR}/candidates/taxvamb/taxvamb__024.fna	7287576071295ae6ef7f08ca2ad81e397320e5e55e7c2c697a9a885c65eed38e
TaxVAMB-Kraken2	taxvamb__025	4.fna	10	2270897	372866	100.0	GCA_000010305.1	Gemmatimonas_aurantiaca_T-27	2270897	100.0	0.0	2270743	4636964	48.970468608339424	Below MQ proxy	65.55	0.01	True	True	${ARTICLE42_WORK_DIR}/candidates/taxvamb/taxvamb__025.fna	e6c8d3e6ccdd7a8fb9e8a2850cb833eb7eed7e1bfab49c6efebb46d2e1d29a16
TaxVAMB-Kraken2	taxvamb__026	47.fna	317	930429	3170	100.0	GCA_001481685.1	Ignicoccus_islandicus_DSM_13165	922730	99.17253224050411	0.8274677594958888	921623	1394664	66.08208141889372	MQ proxy	59.44	0.01	True	True	${ARTICLE42_WORK_DIR}/candidates/taxvamb/taxvamb__026.fna	ef769ed88f501aee9dfe043362d8be1dd59dbc406e51cbb96c9712165b576939
TaxVAMB-Kraken2	taxvamb__027	5.fna	42	1254797	66793	100.0	GCA_000018945.1	Thermotoga_neapolitana_DSM_4359	1056769	84.2183237607358	15.7816762392642	1099205	1884562	58.32681546162981	Below MQ proxy	64.21	1.19	True	True	${ARTICLE42_WORK_DIR}/candidates/taxvamb/taxvamb__027.fna	47cd3a131fffcaa76390666bf9f850a50f16007a0a7a4ecc7a890e643550c76c
TaxVAMB-Kraken2	taxvamb__028	57.fna	477	1599453	3710	98.5543807789288	GCA_000016125.1	Methanococcus_maripaludis_C5	1469750	93.2386662445895	6.761333755410504	1449986	1789046	81.04799988373692	MQ proxy	77.63	6.32	True	True	${ARTICLE42_WORK_DIR}/candidates/taxvamb/taxvamb__028.fna	08cf2e7adcc4a07aa7f2154fb87c3647eec0a42fc3aa8d3a8fef81ba5c7a9f5b
TaxVAMB-Kraken2	taxvamb__029	6.fna	51	2334006	90576	100.0	GCA_000016785.1	Thermotoga_petrophila_RKU-1	1587559	68.0186340566391	31.9813659433609	1586899	1823511	87.02437221382267	Below MQ proxy	99.99	33.59	True	False	${ARTICLE42_WORK_DIR}/candidates/taxvamb/taxvamb__029.fna	163ea540a234f0063645672a81bec874ea49ea1d68711c21d7c403e23f4e37a6
TaxVAMB-Kraken2	taxvamb__030	64.fna	950	5173479	6865	100.0	GCA_000017325.1	Shewanella_baltica_OS185	2607022	50.39204759505161	49.60795240494839	3738028	5312910	70.35745006032475	Below MQ proxy	98.4	7.47	False	False	${ARTICLE42_WORK_DIR}/candidates/taxvamb/taxvamb__030.fna	99a7a4791f14ca1e85ae53904be4d762fe63b31f676adba061872e88888beab2
TaxVAMB-Kraken2	taxvamb__031	650.fna	136	273836	1954	100.0	GCA_000015805.1	Pyrobaculum_calidifontis_JCM_11548	273836	100.0	0.0	274670	2009313	13.669846360422692	Below MQ proxy	15.98	0.16	True	False	${ARTICLE42_WORK_DIR}/candidates/taxvamb/taxvamb__031.fna	1e0e76eac0ad4c11e6e1153338399e1ee9ac8a91d6ee919508d6f17cdf0ccc57
TaxVAMB-Kraken2	taxvamb__032	67.fna	510	1528897	3293	100.0	GCA_000006985.1	Chlorobaculum_tepidum_TLS	1432571	93.69964098300932	6.300359016990683	1435173	2154946	66.59902382704718	MQ proxy	67.02	1.29	False	False	${ARTICLE42_WORK_DIR}/candidates/taxvamb/taxvamb__032.fna	93fbb4dc8aee22c40c13e97b4537d7219780cafda4f6b9fc165505ae49e6a073
TaxVAMB-Kraken2	taxvamb__033	7.fna	189	5618393	52966	100.0	GCA_000018565.1	Herpetosiphon_aurantiacus_DSM_785	5606526	99.78878302034052	0.21121697965948272	5613671	6785430	82.73124916180699	MQ proxy	98.03	0.45	True	True	${ARTICLE42_WORK_DIR}/candidates/taxvamb/taxvamb__033.fna	afb12deb73b4356f25a96068a229b7ad32800359adc1e348eef93b3735212546
TaxVAMB-Kraken2	taxvamb__034	8.fna	43	1734637	79303	100.0	GCA_000091665.1	Methanocaldococcus_jannaschii_DSM_2661	1726211	99.51424995546618	0.4857500445338161	1725585	1739927	99.17571254426191	HQ proxy	99.91	0.12	True	True	${ARTICLE42_WORK_DIR}/candidates/taxvamb/taxvamb__034.fna	974df6cef6f1d99aa3e7ab61f82f61586c31582bead915eb3dd0d4177bbdc539
TaxVAMB-Kraken2	taxvamb__035	9.fna	77	2643322	47024	100.0	GCA_000009145.1	Nitrosomonas_europaea_ATCC_19718	2643322	100.0	0.0	2692010	2812094	95.72973022950157	HQ proxy	100.0	0.04	True	True	${ARTICLE42_WORK_DIR}/candidates/taxvamb/taxvamb__035.fna	15114bf6c8fe4894a3bd1e74247c393c4ace98dd8d1947a3c5cff20ef6b0d7ec
